timestamp,day,soc,price,battery_power_mw,shield_delta,min_bus_voltage_pu,max_line_loading_pct
2024-01-01 00:00:00,0.0,0.5009729743136891,0.23083,-0.0034871399402618,0.0,0.949777645239243,48.97818905454838
2024-01-01 00:15:00,0.010416666666666666,0.5025105878843793,0.23083,-0.0055108070373535,0.0,0.9498582206779154,48.9242117367899
2024-01-01 00:30:00,0.020833333333333332,0.5044049021588373,0.23083,-0.0067892223596572,0.0,0.9499492543022442,48.85839356350873
2024-01-01 00:45:00,0.03125,0.5065402522782928,0.23083,-0.0076530948281288,0.0,0.9500452140510504,48.78686162146788
2024-01-01 01:00:00,0.041666666666666664,0.5088492472839009,0.23083,-0.0082754381000995,0.0,0.9501426167993748,48.713392471418615
2024-01-01 01:15:00,0.052083333333333336,0.5112864919563954,0.23083,-0.0087350849062204,0.0,0.9500536521978964,48.81199643290409
2024-01-01 01:30:00,0.0625,0.5138089284778938,0.23083,-0.00904041249305,0.0,0.9499610706329432,48.91372870000898
2024-01-01 01:45:00,0.07291666666666667,0.5163891654665349,0.23083,-0.0092475693672895,0.0,0.9497126266830952,49.16564568587165
2024-01-01 02:00:00,0.08333333333333333,0.5190097447817347,0.23083,-0.009392156265676,0.0,0.9493901161953956,49.488866311007165
2024-01-01 02:15:00,0.09375,0.5216523705083611,0.23083,-0.0094711706042289,0.0,0.94909318355577,49.77553296823195
2024-01-01 02:30:00,0.10416666666666667,0.5243201471416147,0.23083,-0.0095613114535808,0.0,0.9487673125862808,50.09009476268197
2024-01-01 02:45:00,0.11458333333333333,0.5270124525871195,0.23083,-0.0096492227166891,0.0,0.948401473673612,50.44313989136745
2024-01-01 03:00:00,0.125,0.5297296077665774,0.23083,-0.009738284163177,0.0,0.9479811980882586,50.848604152964825
2024-01-01 03:15:00,0.13541666666666666,0.5324894434535444,0.23083,-0.0098912511020898,0.0,0.9476125278958114,51.20439716249643
2024-01-01 03:30:00,0.14583333333333334,0.5352828428731301,0.23083,-0.0100115435197949,0.0,0.9471526285870924,51.64795802963573
2024-01-01 03:45:00,0.15625,0.5381111848193022,0.23083,-0.0101367775350809,0.0,0.9465770417391,52.20288118577766
2024-01-01 04:00:00,0.16666666666666666,0.5409808341958394,0.23083,-0.0102848233655095,0.0,0.9458593801310834,52.894522235025455
2024-01-01 04:15:00,0.17708333333333334,0.5438973804973233,0.23083,-0.010452901944518,0.0,0.9449363584433036,53.78363552219636
2024-01-01 04:30:00,0.1875,0.5468675435903216,0.23083,-0.0106450645253062,0.0,0.9438170999580856,54.86116444185461
2024-01-01 04:45:00,0.19791666666666666,0.5499021215156452,0.23083,-0.0108759272843599,0.0,0.9424789279696244,56.14860861087186
2024-01-01 05:00:00,0.20833333333333334,0.553013023976486,0.23083,-0.0111494744196534,0.0,0.9409061336456944,57.66061614479448
2024-01-01 05:15:00,0.21875,0.5561923108242418,0.23083,-0.0113945640623569,0.0,0.9394783132711862,59.03214712443335
2024-01-01 05:30:00,0.22916666666666666,0.5593985722454298,0.23083,-0.0114912409335374,0.0,0.9378468642991756,60.5975236087604
2024-01-01 05:45:00,0.23958333333333334,0.5626047544106508,0.23083,-0.0114909568801522,0.0,0.9360392494020958,62.33004941404875
2024-01-01 06:00:00,0.25,0.5657761510020853,0.23083,-0.0113662853837013,0.0,0.9341009558925556,64.18562172711589
2024-01-01 06:15:00,0.2604166666666667,0.5688921536493581,0.23083,-0.0111677534878253,0.0,0.9317489065018016,66.43454552400773
2024-01-01 06:30:00,0.2708333333333333,0.5719463246891142,0.23083,-0.0109461490064859,0.0,0.9293769201299504,68.69955387575156
2024-01-01 06:45:00,0.28125,0.5749366925966959,0.23083,-0.0107174785807728,0.0,0.9270718707254328,70.89778840055475
2024-01-01 07:00:00,0.2916666666666667,0.5778374625432272,0.23083,-0.010396359488368,0.0,0.924928821630522,72.93873891880264
2024-01-01 07:15:00,0.3020833333333333,0.5806449133960996,0.23083,-0.0100619038566946,0.0,0.9230891310555894,74.68869575885107
2024-01-01 07:30:00,0.3125,0.583360889090857,0.23083,-0.0097340568900108,0.0,0.9215898607214452,76.1133654439624
2024-01-01 07:45:00,0.3229166666666667,0.5859902403525277,0.23083,-0.0094235949218273,0.0,0.920498501464796,77.14947836184459
2024-01-01 08:00:00,0.3333333333333333,0.5885408808244392,0.23083,-0.0091414954513311,0.0,0.919859416379573,77.7556478532969
2024-01-01 08:15:00,0.34375,0.5910247126739705,0.23083,-0.00890205334872,0.0,0.9198157546743494,77.79645988516283
2024-01-01 08:30:00,0.3541666666666667,0.5934575075786727,0.23083,-0.0087191369384527,0.0,0.9202272503989236,77.4052122477529
2024-01-01 08:45:00,0.3645833333333333,0.5958454256760888,0.23083,-0.0085582984611392,0.0,0.9210517756797844,76.6215445327522
2024-01-01 09:00:00,0.375,0.598204743803113,0.23083,-0.0084557961672544,0.0,0.9222227000654404,75.50836613185157
2024-01-01 09:15:00,0.3854166666666667,0.600550572564576,0.23083,-0.0084074502810835,0.0,0.9231935314373064,74.58496381554394
2024-01-01 09:30:00,0.3958333333333333,0.6028766265725218,0.23083,-0.0083365775644779,0.0,0.9243565163016426,73.47810860750126
2024-01-01 09:45:00,0.40625,0.6051776798703941,0.23083,-0.0082469750195741,0.0,0.9256204741435156,72.27431533265722
2024-01-01 10:00:00,0.4166666666666667,0.6074520800362474,0.23083,-0.0081514501944184,0.0,0.9268979817721034,71.05675365855937
2024-01-01 10:15:00,0.4270833333333333,0.6097077360360085,0.23083,-0.0080842711031436,0.0,0.9283708023460376,69.65209813162288
2024-01-01 10:30:00,0.4375,0.6119693993782026,0.23083,-0.0081058014184236,0.0,0.9297051101020772,68.378783185291
2024-01-01 10:45:00,0.4479166666666667,0.614243803701746,0.23083,-0.0081514650955796,0.0,0.9308576016674838,67.27829604060635
2024-01-01 11:00:00,0.4583333333333333,0.6165232437675253,0.23083,-0.008169513195753,0.0,0.931802114768184,66.3758352618261
2024-01-01 11:15:00,0.46875,0.6187667598320071,0.23083,-0.0080407615751028,0.0,0.9325748650506732,65.63676943403203
2024-01-01 11:30:00,0.4791666666666667,0.6209484835271724,0.23083,-0.0078192977234721,0.0,0.9331307566009552,65.10458196749238
2024-01-01 11:45:00,0.4895833333333333,0.6230497388990314,0.23083,-0.0075308992527425,0.0,0.9334817483692864,64.76808794763785
2024-01-01 12:00:00,0.5,0.624524392828919,0.447802,-0.0052851596847176,0.0,0.933676046290663,64.57635904894532
2024-01-01 12:15:00,0.5104166666666666,0.6255757043899004,0.447802,-0.003767900634557,0.0,0.9337408128396272,64.51045023175172
2024-01-01 12:30:00,0.5208333333333334,0.6263016236277638,0.447802,-0.0026016945485025,0.0,0.9336559927197507,64.58857138244144
2024-01-01 12:45:00,0.53125,0.6267391389449456,0.447802,-0.0015680548967793,0.0,0.933444454702392,64.78825485643227
2024-01-01 13:00:00,0.5416666666666666,0.6269048694244442,0.447802,-0.0005939780385233,0.0,0.93312279142244,65.09339734172036
2024-01-01 13:15:00,0.5520833333333334,0.6268213771693029,0.447802,0.0002992362424265,0.0,0.9327269261449962,65.46964735688762
2024-01-01 13:30:00,0.5625,0.6265038348248838,0.447802,0.0011380717623978,0.0,0.9322373788227606,65.93551108393493
2024-01-01 13:45:00,0.5729166666666666,0.6259739399220702,0.447802,0.0018991433316841,0.0,0.931654389266087,66.4907472630209
2024-01-01 14:00:00,0.5833333333333334,0.6252682607092278,0.4701921,0.002529154298827,0.0,0.9272792520963968,70.6651281073469
2024-01-01 14:15:00,0.59375,0.6243904877534467,0.4701921,0.0031459382735192,0.0,0.9264701929942978,71.4346455061922
2024-01-01 14:30:00,0.6041666666666666,0.623346100240594,0.4701921,0.0037430848460644,0.0,0.9255434069404168,72.31599553683084
2024-01-01 14:45:00,0.6145833333333334,0.6221329565705024,0.4701921,0.0043479069136083,0.0,0.92448935800836,73.31800956774094
2024-01-01 15:00:00,0.625,0.6207560728013439,0.4701921,0.0049347514286637,0.0,0.9232984208328584,74.44969762829324
2024-01-01 15:15:00,0.6354166666666666,0.6192113380170667,0.4701921,0.0055363294668495,0.0,0.9223066364503868,75.36717113425419
2024-01-01 15:30:00,0.6458333333333334,0.6175256841747796,0.4701921,0.0060413833707571,0.0,0.9211769997600304,76.41532561480345
2024-01-01 15:45:00,0.65625,0.615750037910597,0.4701921,0.0063639162108302,0.0,0.9199112393828848,77.59247942012702
2024-01-01 16:00:00,0.6666666666666666,0.6143517917999556,0.7073115,0.005011314060539,0.0,0.9184941280818916,78.91673133840108
2024-01-01 16:15:00,0.6770833333333334,0.6130811442879219,0.7073115,0.0045540006831288,0.0,0.9175673848681124,79.72728501874398
2024-01-01 16:30:00,0.6875,0.6118195061004761,0.7073115,0.0045217112638056,0.0,0.9165808154518478,80.59309928868808
2024-01-01 16:45:00,0.6979166666666666,0.6105335016404752,0.7073115,0.0046090399846434,0.0,0.9155600592748526,81.49059113300422
2024-01-01 17:00:00,0.7083333333333334,0.6094644276479683,0.7073115,0.0038315611891448,0.0,0.9002205972763319,95.87964458262572
2024-01-01 17:15:00,0.71875,0.6086657692326298,0.7073115,0.0028623917605727,0.0,0.8992757885769661,96.70250974000211
2024-01-01 17:30:00,0.7291666666666666,0.6079774722175638,0.7073115,0.0024668565019965,0.0,0.8984494249928737,97.41241361027562
2024-01-01 17:45:00,0.7395833333333334,0.6073810267614915,0.7073115,0.0021376605145633,0.0,0.8977866294757191,97.96866486754664
2024-01-01 18:00:00,0.75,0.6068337916600675,0.67363,0.0019612906035035,0.0,0.9028196732313388,93.18390804078967
2024-01-01 18:15:00,0.7604166666666666,0.6062136638714557,0.67363,0.0022225379943847,0.0,0.9018337694303994,94.07023521893888
2024-01-01 18:30:00,0.7708333333333334,0.605593993428751,0.67363,0.0022208988666534,0.0,0.9010393334404156,94.7770784858063
2024-01-01 18:45:00,0.78125,0.6050114719467794,0.67363,0.0020877569913864,0.0,0.9005628116663533,95.18582234538256
2024-01-01 19:00:00,0.7916666666666666,0.6045213987822535,0.740993,0.0017564222216606,0.0,0.892505684630736,102.6850374079002
2024-01-01 19:15:00,0.8020833333333334,0.6042651613829548,0.740993,0.0009183548390865,0.0,0.8926832022031631,102.49312594089798
2024-01-01 19:30:00,0.8125,0.6041215760762627,0.740993,0.0005146097391843,0.0,0.8932948157672412,101.89492544324725
2024-01-01 19:45:00,0.8229166666666666,0.604020554861758,0.740993,0.0003620600327849,0.0,0.8943386837300807,100.89228578592208
2024-01-01 20:00:00,0.8333333333333334,0.6035083992958009,0.4925822,0.0018355655483901,0.0,0.8958258917693039,99.47064944281884
2024-01-01 20:15:00,0.84375,0.6028954503437619,0.4925822,0.0021968090441077,0.0,0.8971688677235379,98.22136868396022
2024-01-01 20:30:00,0.8541666666666666,0.6023356560949651,0.4925822,0.0020063025876879,0.0,0.898873140965794,96.63416851219176
2024-01-01 20:45:00,0.8645833333333334,0.601894823103521,0.4925822,0.0015799454413354,0.0,0.9009022052769748,94.74143395525748
2024-01-01 21:00:00,0.875,0.6016101453501506,0.4925822,0.0010202850680798,0.0,0.9032077266057016,92.5871902891542
2024-01-01 21:15:00,0.8854166666666666,0.6014967356809393,0.4925822,0.0004064602544531,0.0,0.9054845500476724,90.46970995732885
2024-01-01 21:30:00,0.8958333333333334,0.6015578764135431,0.4925822,-0.0002191283856518,0.0,0.9079380126068864,88.18298011396197
2024-01-01 21:45:00,0.90625,0.6017936911417954,0.4925822,-0.0008451599860563,0.0,0.9105093612806276,85.78166177772611
2024-01-01 22:00:00,0.9166666666666666,0.6022704570345923,0.253913,-0.0017087289597839,0.0,0.925631691703187,71.48279954560421
2024-01-01 22:15:00,0.9270833333333334,0.6030270545032052,0.253913,-0.0027116453275084,0.0,0.9278473642033174,69.4202116395003
2024-01-01 22:30:00,0.9375,0.6040243875536362,0.253913,-0.003574441652745,0.0,0.930025255297611,67.39049158924797
2024-01-01 22:45:00,0.9479166666666666,0.6052218371130819,0.253913,-0.0042916592210531,0.0,0.9321285242705024,65.42895519204119
2024-01-01 23:00:00,0.9583333333333334,0.606611246443273,0.253913,-0.0049796430394053,0.0,0.9341244409031784,63.56744437448164
2024-01-01 23:15:00,0.96875,0.6081858264261167,0.253913,-0.0056432946585118,0.0,0.9358797632762682,61.95056933575324
2024-01-01 23:30:00,0.9791666666666666,0.6099288945900818,0.253913,-0.0062471562996506,0.0,0.9374889293506856,60.47191121441378
2024-01-01 23:45:00,0.9895833333333334,0.6118212579984045,0.253913,-0.0067822304554283,0.0,0.9389396597416572,59.1436695047054
2024-01-02 00:00:00,1.0,0.6137771429853274,0.23083,-0.0070098917931318,0.0,0.9524453802004342,46.20837980766537
2024-01-02 00:15:00,1.0104166666666667,0.6157625769353997,0.23083,-0.007115795277059,0.0,0.9521227582947508,46.5824507065197
2024-01-02 00:30:00,1.0208333333333333,0.617828061101071,0.23083,-0.0074026952497661,0.0,0.9517960825493292,46.9615042187334
2024-01-02 00:45:00,1.03125,0.620002205587103,0.23083,-0.0077921338379383,0.0,0.9514659333206434,47.3447964856503
2024-01-02 01:00:00,1.0416666666666667,0.6222921183544453,0.23083,-0.0082070473581552,0.0,0.9511325557086492,47.73189849129808
2024-01-02 01:15:00,1.0520833333333333,0.6246784861531783,0.23083,-0.008552742190659,0.0,0.9510262148689196,47.85338757203547
2024-01-02 01:30:00,1.0625,0.6271489788337021,0.23083,-0.0088542457669973,0.0,0.9509147053397736,47.97980920584745
2024-01-02 01:45:00,1.0729166666666667,0.6296832954348507,0.23083,-0.0090829906985163,0.0,0.9507954884634718,48.11354085806613
2024-01-02 02:00:00,1.0833333333333333,0.6322582053830956,0.23083,-0.0092284772545099,0.0,0.9504243698701008,48.49030247398803
2024-01-02 02:15:00,1.09375,0.6348550416894666,0.23083,-0.0093070613220334,0.0,0.9502483971768306,48.66036846521912
2024-01-02 02:30:00,1.1041666666666667,0.6374634938023129,0.23083,-0.0093486923724412,0.0,0.950045692414042,48.85612702829679
2024-01-02 02:45:00,1.1145833333333333,0.6400685405071401,0.23083,-0.0093364873901009,0.0,0.9498057982619236,49.08761910596444
2024-01-02 03:00:00,1.125,0.6426653983815284,0.23083,-0.009307138621807,0.0,0.9495144670632202,49.36867074315053
2024-01-02 03:15:00,1.1354166666666667,0.6452590683470589,0.23083,-0.0092957131564617,0.0,0.9491705545667822,49.70045115509645
2024-01-02 03:30:00,1.1458333333333333,0.6478872830002079,0.23083,-0.0094195213168859,0.0,0.9487359665831429,50.119970709178496
2024-01-02 03:45:00,1.15625,0.6505658319485649,0.23083,-0.0095999194309115,0.0,0.948188819718328,50.648072446477634
2024-01-02 04:00:00,1.1666666666666667,0.6532856467503864,0.23083,-0.0097478162497282,0.0,0.947505265727581,51.30742461089092
2024-01-02 04:15:00,1.1770833333333333,0.656038243119383,0.23083,-0.0098653053864836,0.0,0.9466468075830528,52.134979437477455
2024-01-02 04:30:00,1.1875,0.6588246760694086,0.23083,-0.009986575692892,0.0,0.9456001731130425,53.14337320606735
2024-01-02 04:45:00,1.1979166666666667,0.6616447452517734,0.23083,-0.0101071279495954,0.0,0.944344179051598,54.35267618372707
2024-01-02 05:00:00,1.2083333333333333,0.6644831542648717,0.23083,-0.010172857902944,0.0,0.9428650533123728,55.7755874589829
2024-01-02 05:15:00,1.21875,0.6673354730899389,0.23083,-0.0102227106690406,0.0,0.9412923850957025,57.28720469666775
2024-01-02 05:30:00,1.2291666666666667,0.6702005217225633,0.23083,-0.0102683342993259,0.0,0.939508054165103,59.000700934713294
2024-01-02 05:45:00,1.2395833333333333,0.6730815436807072,0.23083,-0.0103255826979875,0.0,0.9375370122230752,60.891607638520085
2024-01-02 06:00:00,1.25,0.6759676918108458,0.23083,-0.0103439548984169,0.0,0.9354220088014332,62.91827996791481
2024-01-02 06:15:00,1.2604166666666667,0.6788452561299891,0.23083,-0.0103131905198097,0.0,0.9331531395706169,65.08968414525181
2024-01-02 06:30:00,1.2708333333333333,0.6816887845588359,0.23083,-0.0101912058889865,0.0,0.9308686397992928,67.27310512957517
2024-01-02 06:45:00,1.28125,0.684480295607565,0.23083,-0.0100047755986452,0.0,0.9286532661413068,69.38767796779388
2024-01-02 07:00:00,1.2916666666666667,0.6872127859071172,0.23083,-0.0097932452335953,0.0,0.9265977480054408,71.34726811698847
2024-01-02 07:15:00,1.3020833333333333,0.6898840799461661,0.23083,-0.0095739178359508,0.0,0.9246611118602656,73.19144037671433
2024-01-02 07:30:00,1.3125,0.6924856271752365,0.23083,-0.0093239452689886,0.0,0.9230518226000182,74.72221094953103
2024-01-02 07:45:00,1.3229166666666667,0.695003431510291,0.23083,-0.009023810736835,0.0,0.921838544764508,75.87508786943306
2024-01-02 08:00:00,1.3333333333333333,0.6974419370022977,0.23083,-0.0087396036833524,0.0,0.9210663668446252,76.60816756753283
2024-01-02 08:15:00,1.34375,0.6998084793756659,0.23083,-0.0084816878661513,0.0,0.9208984745275828,76.76699016968855
2024-01-02 08:30:00,1.3541666666666667,0.7021166220548106,0.23083,-0.0082723833620548,0.0,0.9211794959072034,76.49942083516767
2024-01-02 08:45:00,1.3645833333333333,0.7043799567884109,0.23083,-0.0081117916852235,0.0,0.9218695588752844,75.84316319093345
2024-01-02 09:00:00,1.375,0.7066115660081128,0.23083,-0.0079980874434113,0.0,0.9229054071072236,74.85793154049169
2024-01-02 09:15:00,1.3854166666666667,0.7088204438369498,0.23083,-0.0079166181385517,0.0,0.9241714226849868,73.65316755879218
2024-01-02 09:30:00,1.3958333333333333,0.710998510583847,0.23083,-0.0078061912208795,0.0,0.9256157870486617,72.27760967028178
2024-01-02 09:45:00,1.40625,0.713140125562664,0.23083,-0.0076755480840802,0.0,0.927147011245845,70.81810055590209
2024-01-02 10:00:00,1.4166666666666667,0.7152476613852221,0.23083,-0.0075534083880484,0.0,0.9286786378095456,69.3570044537363
2024-01-02 10:15:00,1.4270833333333333,0.7173196392131364,0.23083,-0.0074259685352444,0.0,0.9301977041053054,67.90666482718596
2024-01-02 10:30:00,1.4375,0.7193770270569725,0.23083,-0.0073736780323088,0.0,0.931578630231672,66.58733935100956
2024-01-02 10:45:00,1.4479166666666667,0.7214352647586436,0.23083,-0.007376723922789,0.0,0.9327792221379902,65.43962400361458
2024-01-02 11:00:00,1.4583333333333333,0.7234988085823326,0.23083,-0.0073957410641014,0.0,0.9337746114226038,64.48754835913417
2024-01-02 11:15:00,1.46875,0.7255553595611153,0.23083,-0.0073706787079572,0.0,0.9344826405437784,63.80991498888069
2024-01-02 11:30:00,1.4791666666666667,0.727591729372177,0.23083,-0.0072983494028449,0.0,0.934980532940478,63.3330994819579
2024-01-02 11:45:00,1.4895833333333333,0.7295997729707518,0.23083,-0.0071968282572925,0.0,0.9352795816817652,63.04649787350128
2024-01-02 12:00:00,1.5,0.7311861084324717,0.447802,-0.0056854262948036,0.0,0.9354190045684458,62.9090669540847
2024-01-02 12:15:00,1.5104166666666667,0.732452063731411,0.447802,-0.004537183791399,0.0,0.9352084338730756,63.10773025121404
2024-01-02 12:30:00,1.5208333333333333,0.7334458706708834,0.447802,-0.0035618040710687,0.0,0.9348542851617184,63.444274716815926
2024-01-02 12:45:00,1.53125,0.7341864521976537,0.447802,-0.0026542441919445,0.0,0.9343754833754268,63.900234026248
2024-01-02 13:00:00,1.5416666666666667,0.7346792617718815,0.447802,-0.0017662295140326,0.0,0.9337864492469508,64.46159092224887
2024-01-02 13:15:00,1.5520833333333333,0.734948197081459,0.447802,-0.0009638641495257,0.0,0.9330253875329222,65.18751390533757
2024-01-02 13:30:00,1.5625,0.735004308909278,0.447802,-0.0002011047909036,0.0,0.9321658238179488,66.007394283035
2024-01-02 13:45:00,1.5729166666666667,0.7348583987554775,0.447802,0.0005229419912211,0.0,0.9312067307441922,66.92207771422291
2024-01-02 14:00:00,1.5833333333333333,0.7345416200942704,0.4701921,0.0011353347217664,0.0,0.9264005861246858,71.50626897042359
2024-01-02 14:15:00,1.59375,0.7340675789176723,0.4701921,0.0016989635769277,0.0,0.9261320345561987,71.7606649850669
2024-01-02 14:30:00,1.6041666666666667,0.7334313535925503,0.4701921,0.002280231565237,0.0,0.9257599463386272,72.11360185488638
2024-01-02 14:45:00,1.6145833333333333,0.7326378423325488,0.4701921,0.0028439443558454,0.0,0.925276770276148,72.57230150863835
2024-01-02 15:00:00,1.625,0.7316986827720159,0.4701921,0.0033659478649497,0.0,0.9246762099120476,73.1427361057543
2024-01-02 15:15:00,1.6354166666666667,0.7306266952781958,0.4701921,0.0038420031778514,0.0,0.9238162007553452,73.93378605283438
2024-01-02 15:30:00,1.6458333333333333,0.7294424926390093,0.4701921,0.0042441822588443,0.0,0.9228250041626832,74.8493841083447
2024-01-02 15:45:00,1.65625,0.7281756231679667,0.4701921,0.0045404601842164,0.0,0.921705789362532,75.88637596759708
2024-01-02 16:00:00,1.6666666666666667,0.7271264027951604,0.7073115,0.0037604058161377,0.0,0.9204522785271247,77.05302874379544
2024-01-02 16:15:00,1.6770833333333333,0.7262041012386362,0.7073115,0.0033055287785828,0.0,0.919710122217548,77.68814487338724
2024-01-02 16:30:00,1.6875,0.7253601935129674,0.7073115,0.003024565288797,0.0,0.9189123527328588,78.37548696619554
2024-01-02 16:45:00,1.6979166666666667,0.7245688039741773,0.7073115,0.0028363401070237,0.0,0.9180878067411136,79.08783832338433
2024-01-02 17:00:00,1.7083333333333333,0.7240026522274873,0.7073115,0.0020290878601372,0.0,0.9034524058179526,92.83483127816572
2024-01-02 17:15:00,1.71875,0.7236947965213533,0.7073115,0.0011033548507839,0.0,0.9021079207284952,94.03547784083769
2024-01-02 17:30:00,1.7291666666666667,0.7235735605852694,0.7073115,0.0004345095949247,0.0,0.9008592974857568,95.14446673382866
2024-01-02 17:45:00,1.7395833333333333,0.7236032809069651,0.7073115,-0.0001065176329575,0.0,0.8997582817971267,96.1138494442674
2024-01-02 18:00:00,1.75,0.7237344150281777,0.67363,-0.0004699846904259,0.0,0.9042499016850328,91.83392056219878
2024-01-02 18:15:00,1.7604166666666667,0.7238888735064393,0.67363,-0.0005535791860893,0.0,0.9030130652204298,92.95209200210346
2024-01-02 18:30:00,1.7708333333333333,0.7241055683011187,0.67363,-0.000776634144131,0.0,0.9020239117597468,93.83726999806552
2024-01-02 18:45:00,1.78125,0.7244123165025614,0.67363,-0.0010993855539709,0.0,0.9013451567813624,94.43098055631378
2024-01-02 19:00:00,1.7916666666666667,0.7248423017233238,0.740993,-0.0015410670312121,0.0,0.8931265715303957,102.07880627859768
2024-01-02 19:15:00,1.8020833333333333,0.725550433778413,0.740993,-0.0025379452854394,0.0,0.8929399159882238,102.23306566019156
2024-01-02 19:30:00,1.8125,0.7264242110641135,0.740993,-0.0031316177919507,0.0,0.8931862510192558,101.98212967487576
2024-01-02 19:45:00,1.8229166666666667,0.7273815260878109,0.740993,-0.0034310170449316,0.0,0.8938695967902203,101.32241709538714
2024-01-02 20:00:00,1.8333333333333333,0.7277203189058647,0.4925822,-0.0012142334599047,0.0,0.8950199850298057,100.21970112636347
2024-01-02 20:15:00,1.84375,0.7278420266098432,0.4925822,-0.0004362004110589,0.0,0.895894846281737,99.40386135877355
2024-01-02 20:30:00,1.8541666666666667,0.7279677404268503,0.4925822,-0.0004505583201535,0.0,0.8971475753970464,98.23617142326545
2024-01-02 20:45:00,1.8645833333333333,0.7282017236926289,0.4925822,-0.0008385960245504,0.0,0.8987481649471352,96.74285502444742
2024-01-02 21:00:00,1.875,0.7285848739964942,0.4925822,-0.0013732106890529,0.0,0.9006539352618532,94.96241427570683
2024-01-02 21:15:00,1.8854166666666667,0.7291330251539746,0.4925822,-0.0019645737484097,0.0,0.9025788565496564,93.18480874343072
2024-01-02 21:30:00,1.8958333333333333,0.7298489925059195,0.4925822,-0.0025660269893705,0.0,0.9047087636080468,91.21241576751164
2024-01-02 21:45:00,1.90625,0.7307296019807836,0.4925822,-0.0031561043579131,0.0,0.9069846828357344,89.09994316857728
2024-01-02 22:00:00,1.9166666666666667,0.7316511593107862,0.253913,-0.0033028614707291,0.0,0.922421621271196,74.535131848741
2024-01-02 22:15:00,1.9270833333333333,0.7327604086726102,0.253913,-0.0039755497127771,0.0,0.9245405058982644,72.57492602956131
2024-01-02 22:30:00,1.9375,0.7340118788392179,0.253913,-0.0044852690771222,0.0,0.9266318752835652,70.63792216006047
2024-01-02 22:45:00,1.9479166666666667,0.7354144907842836,0.253913,-0.0050269612111151,0.0,0.9286534572212424,68.7649861411691
2024-01-02 23:00:00,1.9583333333333333,0.7369764094315282,0.253913,-0.005597916431725,0.0,0.930572082353688,66.98802182699103
2024-01-02 23:15:00,1.96875,0.7386916141858819,0.253913,-0.0061472938396036,0.0,0.9329017575243918,64.83773477267968
2024-01-02 23:30:00,1.9791666666666667,0.7405654016846321,0.253913,-0.0067156543955206,0.0,0.9350466722124042,62.86129408504701
2024-01-02 23:45:00,1.9895833333333333,0.7425764637661944,0.253913,-0.0072076465003192,0.0,0.93699936193866,61.06636847604139
2024-01-03 00:00:00,2.0,0.7446387507981334,0.23083,-0.0073912367224693,0.0,0.9514173827352932,47.27427843332851
2024-01-03 00:15:00,2.0104166666666665,0.746804211948464,0.23083,-0.0077610127627849,0.0,0.9512917610832012,47.44249913442064
2024-01-03 00:30:00,2.0208333333333335,0.7490778338467082,0.23083,-0.0081486608833074,0.0,0.9511651576057332,47.61205640855614
2024-01-03 00:45:00,2.03125,0.7514688826847434,0.23083,-0.0085695190355181,0.0,0.9510367706178824,47.78376006924773
2024-01-03 01:00:00,2.0416666666666665,0.7539773101294226,0.23083,-0.00899020396173,0.0,0.9509062108404854,47.95790302017375
2024-01-03 01:15:00,2.0520833333333335,0.7565964352925221,0.23083,-0.0093869445845484,0.0,0.9507673276124202,48.10957076743305
2024-01-03 01:30:00,2.0625,0.7565964352925221,0.23083,0.0,0.0194854624569416,0.9507692578068868,48.10104949562072
2024-01-03 01:45:00,2.0729166666666665,0.7565964352925221,0.23083,0.0,0.019809091463685,0.950621551865373,48.26023718585456
2024-01-03 02:00:00,2.0833333333333335,0.7565964352925221,0.23083,0.0,0.020098727196455,0.950452003344796,48.44054392290235
2024-01-03 02:15:00,2.09375,0.7565964352925221,0.23083,0.0,0.020282169803977,0.9502062651259666,48.67774421897985
2024-01-03 02:30:00,2.1041666666666665,0.7565964352925221,0.23083,0.0,0.0203122906386852,0.9499325821342236,48.94188223356337
2024-01-03 02:45:00,2.1145833333333335,0.7565964352925221,0.23083,0.0,0.0201712753623724,0.9496200499596869,49.24346792937013
2024-01-03 03:00:00,2.125,0.7565964352925221,0.23083,0.0,0.0199468098580837,0.9492546912666052,49.595966871537456
2024-01-03 03:15:00,2.1354166666666665,0.7565964352925221,0.23083,0.0,0.0196594279259443,0.9488150375354653,50.02005574979496
2024-01-03 03:30:00,2.1458333333333335,0.7565964352925221,0.23083,0.0,0.0193962305784225,0.9482848821674624,50.53131132256924
2024-01-03 03:45:00,2.15625,0.7565964352925221,0.23083,0.0,0.0192782208323478,0.9476403413144534,51.15268161008567
2024-01-03 04:00:00,2.1666666666666665,0.7565964352925221,0.23083,0.0,0.0190494321286678,0.9468551970158818,51.90931444966375
2024-01-03 04:15:00,2.1770833333333335,0.7565964352925221,0.23083,0.0,0.018794847652316,0.9460611729763052,52.67418440348988
2024-01-03 04:30:00,2.1875,0.7565964352925221,0.23083,0.0,0.0185625329613685,0.9450788533944434,53.61999022921354
2024-01-03 04:45:00,2.1979166666666665,0.7565964352925221,0.23083,0.0,0.0183577723801136,0.9438875719839316,54.76632782345753
2024-01-03 05:00:00,2.2083333333333335,0.7565964352925221,0.23083,0.0,0.0181899461895227,0.9424735010040046,56.12610532055084
2024-01-03 05:15:00,2.21875,0.7565964352925221,0.23083,0.0,0.0181509740650653,0.9407415865208384,57.79012332486504
2024-01-03 05:30:00,2.2291666666666665,0.7565964352925221,0.23083,0.0,0.0182883087545633,0.9387862661128672,59.66693329942506
2024-01-03 05:45:00,2.2395833333333335,0.7565964352925221,0.23083,0.0,0.0184713266789913,0.9366314074167128,61.7329841866234
2024-01-03 06:00:00,2.25,0.7565964352925221,0.23083,0.0,0.0185839068144559,0.934318227937728,63.948156582912006
2024-01-03 06:15:00,2.2604166666666665,0.7565964352925221,0.23083,0.0,0.0185777619481086,0.9315126911209146,66.63109784340358
2024-01-03 06:30:00,2.2708333333333335,0.7565964352925221,0.23083,0.0,0.0184721983969211,0.9286524959479342,69.36208786671574
2024-01-03 06:45:00,2.28125,0.7565964352925221,0.23083,0.0,0.0181810278445482,0.9258257412684512,72.05694511407233
2024-01-03 07:00:00,2.2916666666666665,0.7565964352925221,0.23083,0.0,0.0177667737007141,0.923129829957726,74.62315738780826
2024-01-03 07:15:00,2.3020833333333335,0.7565964352925221,0.23083,0.0,0.0171661078929901,0.9212656050670944,76.39545738105411
2024-01-03 07:30:00,2.3125,0.7565964352925221,0.23083,0.0,0.0165191739797592,0.9197530019740956,77.83212585285536
2024-01-03 07:45:00,2.3229166666666665,0.7565964352925221,0.23083,0.0,0.0158073827624321,0.91866116648411,78.86839776555428
2024-01-03 08:00:00,2.3333333333333335,0.7565964352925221,0.23083,0.0,0.0152146480977535,0.918035359339357,79.46207286898577
2024-01-03 08:15:00,2.34375,0.7565964352925221,0.23083,0.0,0.0147264432162046,0.9179390953506448,79.55337576404595
2024-01-03 08:30:00,2.3541666666666665,0.7565964352925221,0.23083,0.0,0.014344654045999,0.9183112508270864,79.20037260108361
2024-01-03 08:45:00,2.3645833333333335,0.7565964352925221,0.23083,0.0,0.0140655748546123,0.919108795932318,78.44362454218732
2024-01-03 09:00:00,2.375,0.7565964352925221,0.23083,0.0,0.0138832982629537,0.9202645281697938,77.34641426065008
2024-01-03 09:15:00,2.3854166666666665,0.7565964352925221,0.23083,0.0,0.0137914149090647,0.9216903987491668,75.99177152500818
2024-01-03 09:30:00,2.3958333333333335,0.7565964352925221,0.23083,0.0,0.0136915612965822,0.9232959202685612,74.46516811786611
2024-01-03 09:45:00,2.40625,0.7565964352925221,0.23083,0.0,0.0135741019621491,0.9249858182800536,72.85686950800083
2024-01-03 10:00:00,2.4166666666666665,0.7565964352925221,0.23083,0.0,0.0134860165417194,0.926670965221711,71.25159843016094
2024-01-03 10:15:00,2.4270833333333335,0.7565964352925221,0.23083,0.0,0.0133764389902353,0.9283637681917092,69.63753532768824
2024-01-03 10:30:00,2.4375,0.7565964352925221,0.23083,0.0,0.0132534625008702,0.9299095239988856,68.16237016414037
2024-01-03 10:45:00,2.4479166666666665,0.7565964352925221,0.23083,0.0,0.0132708307355642,0.931265506674968,66.86728455992849
2024-01-03 11:00:00,2.4583333333333335,0.7565964352925221,0.23083,0.0,0.01324965339154,0.932406742791815,65.77655862063325
2024-01-03 11:15:00,2.46875,0.7565964352925221,0.23083,0.0,0.0131976995617151,0.933205177403525,65.01305908231363
2024-01-03 11:30:00,2.4791666666666665,0.7565964352925221,0.23083,0.0,0.0130945639684796,0.9337863671347127,64.45709057705943
2024-01-03 11:45:00,2.4895833333333335,0.7565964352925221,0.23083,0.0,0.0128590557724237,0.9341629043310344,64.09679987134822
2024-01-03 12:00:00,2.5,0.7565964352925221,0.447802,0.0,0.0104081081226468,0.9343535686140078,63.9143341261366
2024-01-03 12:15:00,2.5104166666666665,0.7565964352925221,0.447802,0.0,0.008551450446248,0.9344098864746264,63.86043431580794
2024-01-03 12:30:00,2.5208333333333335,0.7565964352925221,0.447802,0.0,0.0068596163764595,0.934323553265934,63.94306006988376
2024-01-03 12:45:00,2.53125,0.7565964352925221,0.447802,0.0,0.00522629218176,0.9341139103850814,64.1436840366797
2024-01-03 13:00:00,2.5416666666666665,0.7565964352925221,0.447802,0.0,0.0036973843816667,0.9337963277747968,64.44756065788715
2024-01-03 13:15:00,2.5520833333333335,0.7565964352925221,0.447802,0.0,0.0022174660116434,0.9333823397430662,64.84360345146058
2024-01-03 13:30:00,2.5625,0.7565964352925221,0.447802,0.0,0.0007626684382557,0.93287633994673,65.3275485886098
2024-01-03 13:45:00,2.5729166666666665,0.7565021948157664,0.447802,0.0003377578686922,0.0,0.932284184842008,65.89284661012488
2024-01-03 14:00:00,2.5833333333333335,0.7562344093348656,0.4701921,0.0009597431635484,0.0,0.9279444553600096,70.03496300140239
2024-01-03 14:15:00,2.59375,0.7558135195483503,0.4701921,0.0015084689948707,0.0,0.927146298442985,70.79455762151187
2024-01-03 14:30:00,2.6041666666666665,0.7552436756429545,0.4701921,0.0020423205569386,0.0,0.9262318700329332,71.66463945872101
2024-01-03 14:45:00,2.6145833333333335,0.7545296551293826,0.4701921,0.0025590495206415,0.0,0.9251912948756704,72.65444940986572
2024-01-03 15:00:00,2.625,0.7536833180134376,0.4701921,0.0030332722235471,0.0,0.924015078952716,73.77288095297581
2024-01-03 15:15:00,2.6354166666666665,0.7527193337950199,0.4701921,0.0034549194388091,0.0,0.922990745017814,74.73123202389466
2024-01-03 15:30:00,2.6458333333333335,0.7516543919617626,0.4701921,0.0038167515303939,0.0,0.9218301390869432,75.81867907557756
2024-01-03 15:45:00,2.65625,0.7505178751692126,0.4701921,0.0040732761844992,0.0,0.9205355395497896,77.03291606975378
2024-01-03 16:00:00,2.6666666666666665,0.7495821102326902,0.7073115,0.0033537815324962,0.0,0.9191016484473974,78.38099716868932
2024-01-03 16:15:00,2.6770833333333335,0.7487777625382088,0.7073115,0.0028827821370214,0.0,0.917899050959034,79.46135389399436
2024-01-03 16:30:00,2.6875,0.7480667055481588,0.7073115,0.0025484282523393,0.0,0.9166210859574784,80.61203489235685
2024-01-03 16:45:00,2.6979166666666665,0.7474311815733797,0.7073115,0.0022777179256081,0.0,0.9152962233529712,81.80609797468938
2024-01-03 17:00:00,2.7083333333333335,0.7470241040880085,0.7073115,0.0014589657075703,0.0,0.8995807727168216,96.55553524202664
2024-01-03 17:15:00,2.71875,0.7469324113657682,0.7073115,0.0003286267165094,0.0,0.8982666254171784,97.72347332647404
2024-01-03 17:30:00,2.7291666666666665,0.7470567475743987,0.7073115,-0.0004456209717318,0.0,0.8970556803158171,98.79282755635118
2024-01-03 17:45:00,2.7395833333333335,0.7473499585318807,0.7073115,-0.0010508680716156,0.0,0.8960004762899982,99.71518375934085
2024-01-03 18:00:00,2.75,0.747757770888971,0.67363,-0.0014615994878113,0.0,0.9007495529025136,95.20008023060085
2024-01-03 18:15:00,2.7604166666666665,0.7481786170197405,0.67363,-0.0015083125326782,0.0,0.8995579211950407,96.28526410902468
2024-01-03 18:30:00,2.7708333333333335,0.7486667322045832,0.67363,-0.0017494048224762,0.0,0.8986445931818344,97.109382249575
2024-01-03 18:45:00,2.78125,0.7492495084749992,0.67363,-0.0020886701531708,0.0,0.8980555672100138,97.62956753735293
2024-01-03 19:00:00,2.7916666666666665,0.7499738327190114,0.740993,-0.0025959780905395,0.0,0.8896706023286743,105.4315416279306
2024-01-03 19:15:00,2.8020833333333335,0.7509549709169993,0.740993,-0.0035163993015885,0.0,0.8892835222278344,105.77691990754104
2024-01-03 19:30:00,2.8125,0.7520899736607264,0.740993,-0.0040678498335182,0.0,0.8893431924082084,105.70505988952594
2024-01-03 19:45:00,2.8229166666666665,0.7533199654603128,0.740993,-0.0044082906097173,0.0,0.8898553532437693,105.21103804390258
2024-01-03 20:00:00,2.8333333333333335,0.7539711748405742,0.4925822,-0.002333934418857,0.0,0.8908522964773927,104.25853845349071
2024-01-03 20:15:00,2.84375,0.7544006261554647,0.4925822,-0.0015391535125672,0.0,0.8922784893500564,102.9362735307734
2024-01-03 20:30:00,2.8541666666666665,0.7547938165012705,0.4925822,-0.0014091941993683,0.0,0.8940806296566778,101.26344416792048
2024-01-03 20:45:00,2.8645833333333335,0.7552592936483832,0.4925822,-0.0016682700952515,0.0,0.89621923033054,99.27510395136856
2024-01-03 21:00:00,2.875,0.7558458267165926,0.4925822,-0.0021021345164626,0.0,0.89864516569441,97.01549809835498
2024-01-03 21:15:00,2.8854166666666665,0.7565746362636544,0.4925822,-0.0026120534166693,0.0,0.9012982614694964,94.5569348120258
2024-01-03 21:30:00,2.8958333333333335,0.7565746362636544,0.4925822,0.0,0.0062939515337347,0.9041702973592584,91.8804857080733
2024-01-03 21:45:00,2.90625,0.7565746362636544,0.4925822,0.0,0.0073494310490787,0.9071027157645378,89.14924143356467
2024-01-03 22:00:00,2.9166666666666665,0.7565746362636544,0.253913,0.0,0.0072315633296966,0.922967721323427,74.17198889676729
2024-01-03 22:15:00,2.9270833333333335,0.7565746362636544,0.253913,0.0,0.0081453472375869,0.9250708984698258,72.20123909840628
2024-01-03 22:30:00,2.9375,0.7565746362636544,0.253913,0.0,0.0090216174721717,0.9271490139869156,70.2518520074397
2024-01-03 22:45:00,2.9479166666666665,0.7565746362636544,0.253913,0.0,0.0100140459835529,0.9291631524418982,68.36102448303943
2024-01-03 23:00:00,2.9583333333333335,0.7565746362636544,0.253913,0.0,0.011002505198121,0.931080171112098,66.5606115166339
2024-01-03 23:15:00,2.96875,0.7565746362636544,0.253913,0.0,0.0120488824322819,0.9331017710780016,64.68497312764808
2024-01-03 23:30:00,2.9791666666666665,0.7565746362636544,0.253913,0.0,0.0131777431815862,0.9349605050511962,62.96288176668139
2024-01-03 23:45:00,2.9895833333333335,0.7565746362636544,0.253913,0.0,0.0141949011012911,0.9366447396923842,61.40602804661541
2024-01-04 00:00:00,3.0,0.7565746362636544,0.23083,0.0,0.0145397167652845,0.9511755384238284,47.48995390100292
2024-01-04 00:15:00,3.0104166666666665,0.7565746362636544,0.23083,0.0,0.0152735700830817,0.951123722632313,47.58488772053867
2024-01-04 00:30:00,3.0208333333333335,0.7565746362636544,0.23083,0.0,0.0159939527511596,0.9510714272362428,47.680589523517085
2024-01-04 00:45:00,3.03125,0.7565746362636544,0.23083,0.0,0.0167681872844696,0.9510180834773696,47.77760681889433
2024-01-04 01:00:00,3.0416666666666665,0.7565746362636544,0.23083,0.0,0.0175134688615798,0.95096280847526,47.87679050277499
2024-01-04 01:15:00,3.0520833333333335,0.7565746362636544,0.23083,0.0,0.0181929245591163,0.950848909636157,48.00434114799054
2024-01-04 01:30:00,3.0625,0.7565746362636544,0.23083,0.0,0.018809039145708,0.9507205699703928,48.1458757321877
2024-01-04 01:45:00,3.0729166666666665,0.7565746362636544,0.23083,0.0,0.0193647537380456,0.9505833728105698,48.29600242326256
2024-01-04 02:00:00,3.0833333333333335,0.7565746362636544,0.23083,0.0,0.0197849757969379,0.9504330410060048,48.45884852769758
2024-01-04 02:15:00,3.09375,0.7565746362636544,0.23083,0.0,0.020052695646882,0.9503072896706471,48.58023338493204
2024-01-04 02:30:00,3.1041666666666665,0.7565746362636544,0.23083,0.0,0.0201489441096782,0.9501543964533508,48.72780684348989
2024-01-04 02:45:00,3.1145833333333335,0.7565746362636544,0.23083,0.0,0.0200313087552785,0.9499637409470884,48.9118120381405
2024-01-04 03:00:00,3.125,0.7565746362636544,0.23083,0.0,0.0197903998196125,0.949721766965736,49.14531902913031
2024-01-04 03:15:00,3.1354166666666665,0.7565746362636544,0.23083,0.0,0.0194944385439157,0.949366912013639,49.48770325559561
2024-01-04 03:30:00,3.1458333333333335,0.7565746362636544,0.23083,0.0,0.0191644541919231,0.9489234163014127,49.91552300813383
2024-01-04 03:45:00,3.15625,0.7565746362636544,0.23083,0.0,0.0189707335084676,0.9483681790660548,50.45099340431396
2024-01-04 04:00:00,3.1666666666666665,0.7565746362636544,0.23083,0.0,0.018840167671442,0.9476759535244677,51.118355151438685
2024-01-04 04:15:00,3.1770833333333335,0.7565746362636544,0.23083,0.0,0.0186095405369997,0.946858293404914,51.90633111993668
2024-01-04 04:30:00,3.1875,0.7565746362636544,0.23083,0.0,0.0183776393532753,0.9458540927731998,52.873608292404114
2024-01-04 04:45:00,3.1979166666666665,0.7565746362636544,0.23083,0.0,0.0181689448654651,0.9446425932927348,54.0398757785298
2024-01-04 05:00:00,3.2083333333333335,0.7565746362636544,0.23083,0.0,0.0180022809654474,0.9432097284684858,55.41827346033473
2024-01-04 05:15:00,3.21875,0.7565746362636544,0.23083,0.0,0.0178626216948032,0.9415487852522114,57.01476121226982
2024-01-04 05:30:00,3.2291666666666665,0.7565746362636544,0.23083,0.0,0.0179485995322465,0.9396708043604728,58.81815530221265
2024-01-04 05:45:00,3.2395833333333335,0.7565746362636544,0.23083,0.0,0.0181058794260025,0.9375998872074026,60.80471507527445
2024-01-04 06:00:00,3.25,0.7565746362636544,0.23083,0.0,0.0182240977883338,0.9353771115334736,62.93448100451313
2024-01-04 06:15:00,3.2604166666666665,0.7565746362636544,0.23083,0.0,0.0182377286255359,0.9331239124005049,65.09078353231295
2024-01-04 06:30:00,3.2708333333333335,0.7565746362636544,0.23083,0.0,0.0181532893329858,0.9308552021643024,67.25926350744443
2024-01-04 06:45:00,3.28125,0.7565746362636544,0.23083,0.0,0.0179743058979511,0.9286563285363484,69.35843126849598
2024-01-04 07:00:00,3.2916666666666665,0.7565746362636544,0.23083,0.0,0.0176695231348276,0.9266187103527956,71.30139880475544
2024-01-04 07:15:00,3.3020833333333335,0.7565746362636544,0.23083,0.0,0.0172667317092418,0.9246790428547688,73.14894336101105
2024-01-04 07:30:00,3.3125,0.7565746362636544,0.23083,0.0,0.0167654957622289,0.9230667300725628,74.68317577311896
2024-01-04 07:45:00,3.3229166666666665,0.7565746362636544,0.23083,0.0,0.0161904208362102,0.921850174764772,75.83991006929284
2024-01-04 08:00:00,3.3333333333333335,0.7565746362636544,0.23083,0.0,0.0155423637479543,0.9210755478678404,76.57603986947697
2024-01-04 08:15:00,3.34375,0.7565746362636544,0.23083,0.0,0.0149828968569636,0.920911120372086,76.73225495290575
2024-01-04 08:30:00,3.3541666666666665,0.7565746362636544,0.23083,0.0,0.0145576391369104,0.9211969650112284,76.46067780065549
2024-01-04 08:45:00,3.3645833333333335,0.7565746362636544,0.23083,0.0,0.0142466323450207,0.9218930294615,75.79917590396666
2024-01-04 09:00:00,3.375,0.7565746362636544,0.23083,0.0,0.0140361431986093,0.9229358331632778,74.80767360867459
2024-01-04 09:15:00,3.3854166666666665,0.7565746362636544,0.23083,0.0,0.0139095606282353,0.924333596696152,73.47777551897951
2024-01-04 09:30:00,3.3958333333333335,0.7565746362636544,0.23083,0.0,0.0138668324798345,0.9259036717266466,71.9827070633482
2024-01-04 09:45:00,3.40625,0.7565746362636544,0.23083,0.0,0.0138257099315524,0.927554187239104,70.40964625598306
2024-01-04 10:00:00,3.4166666666666665,0.7565746362636544,0.23083,0.0,0.0137365143746137,0.929199267790725,68.84034586719956
2024-01-04 10:15:00,3.4270833333333335,0.7565746362636544,0.23083,0.0,0.0136049827560782,0.9306788032714696,67.42775686139831
2024-01-04 10:30:00,3.4375,0.7565746362636544,0.23083,0.0,0.0135751888155937,0.9320235096146569,66.14290583881942
2024-01-04 10:45:00,3.4479166666666665,0.7565746362636544,0.23083,0.0,0.013562049716711,0.9331908906533732,65.02672363616078
2024-01-04 11:00:00,3.4583333333333335,0.7565746362636544,0.23083,0.0,0.0135255586355924,0.9341553279178432,64.10405010997661
2024-01-04 11:15:00,3.46875,0.7565746362636544,0.23083,0.0,0.0134442215785384,0.9348622189072612,63.42746342691083
2024-01-04 11:30:00,3.4791666666666665,0.7565746362636544,0.23083,0.0,0.0132865794003009,0.9353592211820052,62.95161237357755
2024-01-04 11:45:00,3.4895833333333335,0.7565746362636544,0.23083,0.0,0.0129892770200967,0.9356578775784608,62.66560448238992
2024-01-04 12:00:00,3.5,0.7565746362636544,0.447802,0.0,0.0105902822688221,0.935775842737534,62.55262257483282
2024-01-04 12:15:00,3.5104166666666665,0.7565746362636544,0.447802,0.0,0.0087505411356687,0.93583364608481,62.49725840666728
2024-01-04 12:30:00,3.5208333333333335,0.7565746362636544,0.447802,0.0,0.0070302700623869,0.935752090742573,62.57537178403992
2024-01-04 12:45:00,3.53125,0.7565746362636544,0.447802,0.0,0.0053351032547652,0.9355500901675022,62.76883228059595
2024-01-04 13:00:00,3.5416666666666665,0.7565746362636544,0.447802,0.0,0.0037121528293937,0.9352426769272564,63.06320828007498
2024-01-04 13:15:00,3.5520833333333335,0.7565746362636544,0.447802,0.0,0.0021662591025233,0.934847456367542,63.44159574952531
2024-01-04 13:30:00,3.5625,0.7565746362636544,0.447802,0.0,0.0006419359706342,0.9343625296304549,63.90575796789866
2024-01-04 13:45:00,3.5729166666666665,0.7564492482244012,0.447802,0.0004493907326832,0.0,0.9337955118112802,64.44717720724252
2024-01-04 14:00:00,3.5833333333333335,0.7561415831223712,0.4701921,0.0011026717256754,0.0,0.9295701289070342,68.483488097161
2024-01-04 14:15:00,3.59375,0.7556758489780415,0.4701921,0.0016691911732777,0.0,0.928669100659484,69.34186994947376
2024-01-04 14:30:00,3.6041666666666665,0.7550525747925089,0.4701921,0.0022338146809488,0.0,0.9276512694877797,70.31120634555242
2024-01-04 14:45:00,3.6145833333333335,0.7542816460260967,0.4701921,0.002763008698821,0.0,0.9265058130374528,71.40170996270686
2024-01-04 15:00:00,3.625,0.7533751399239138,0.4701921,0.0032489178702235,0.0,0.9252229748236154,72.6224607460449
2024-01-04 15:15:00,3.6354166666666665,0.7523489904433518,0.4701921,0.0036777197383344,0.0,0.9240646292883918,73.69792490350487
2024-01-04 15:30:00,3.6458333333333335,0.7512230055994483,0.4701921,0.00403552968055,0.0,0.922765504714548,74.90670313906998
2024-01-04 15:45:00,3.65625,0.7500271794880453,0.4701921,0.0042858407832682,0.0,0.9213269085560936,76.24733676750054
2024-01-04 16:00:00,3.6666666666666665,0.7490457777314857,0.7073115,0.0035173438955098,0.0,0.9197417796875152,77.72859007199486
2024-01-04 16:15:00,3.6770833333333335,0.7482100883948338,0.7073115,0.0029951105825603,0.0,0.918271211407335,79.05243444977049
2024-01-04 16:30:00,3.6875,0.7474830778932561,0.7073115,0.0026056056376546,0.0,0.9167170885526216,80.45399011740042
2024-01-04 16:45:00,3.6979166666666665,0.7468511687701331,0.7073115,0.0022647622972726,0.0,0.9151070796269044,81.90703775775093
2024-01-04 17:00:00,3.7083333333333335,0.7464707284356596,0.7073115,0.0013634981587529,0.0,0.8989621188417138,97.04427946670828
2024-01-04 17:15:00,3.71875,0.7464358478846407,0.7073115,0.0001250118948519,0.0,0.8970363032411356,98.78698730028532
2024-01-04 17:30:00,3.7291666666666665,0.7466476959008495,0.7073115,-0.0007592632900923,0.0,0.895194696310569,100.44776517728428
2024-01-04 17:45:00,3.7395833333333335,0.7470630435189898,0.7073115,-0.0014886058634147,0.0,0.8934929490692445,101.97543462597464
2024-01-04 18:00:00,3.75,0.7476263370486517,0.67363,-0.0020188440103083,0.0,0.8977835107781494,97.89934417697968
2024-01-04 18:15:00,3.7604166666666665,0.748216218291678,0.67363,-0.0021141343750059,0.0,0.89655349935487,99.04931436815002
2024-01-04 18:30:00,3.7708333333333335,0.7488759213779953,0.67363,-0.0023643758613616,0.0,0.895614841100196,99.92640505899212
2024-01-04 18:45:00,3.78125,0.7496213423260737,0.67363,-0.0026715886779129,0.0,0.8950142334653852,100.48715123712644
2024-01-04 19:00:00,3.7916666666666665,0.7504950461375951,0.740993,-0.0031313544604927,0.0,0.8863938505206226,108.5254476610825
2024-01-04 19:15:00,3.8020833333333335,0.7515747642064525,0.740993,-0.0038697095587849,0.0,0.8874709829714719,107.50193516960525
2024-01-04 19:30:00,3.8125,0.7527556933143517,0.740993,-0.0042324499227106,0.0,0.8889563908522883,106.09661944656506
2024-01-04 19:45:00,3.8229166666666665,0.7539782805277875,0.740993,-0.0043817525729537,0.0,0.8908801174915364,104.2809904400738
2024-01-04 20:00:00,3.8333333333333335,0.7546065084061411,0.4925822,-0.0022515687160193,0.0,0.8932534340166238,102.03773291818364
2024-01-04 20:15:00,3.84375,0.7549686187194311,0.4925822,-0.0012978033628314,0.0,0.8950337209961925,100.33095458871132
2024-01-04 20:30:00,3.8541666666666665,0.7552718018640527,0.4925822,-0.0010866083903238,0.0,0.8971696252243696,98.29212215183033
2024-01-04 20:45:00,3.8645833333333335,0.755637023883537,0.4925822,-0.0013089557178318,0.0,0.8996210288304233,95.9568304363975
2024-01-04 21:00:00,3.875,0.7561135627924419,0.4925822,-0.0017079154495149,0.0,0.902339089876922,93.3690595925946
2024-01-04 21:15:00,3.8854166666666665,0.7561135627924419,0.4925822,0.0,0.0044000186026096,0.9047816220788248,91.09377273013952
2024-01-04 21:30:00,3.8958333333333335,0.7561135627924419,0.4925822,0.0,0.005407216027379,0.907367540586094,88.68442831586749
2024-01-04 21:45:00,3.90625,0.7561135627924419,0.4925822,0.0,0.0065403888002038,0.9100653489288972,86.16580805906763
2024-01-04 22:00:00,3.9166666666666665,0.7561135627924419,0.253913,0.0,0.0064863418228924,0.925376455095962,71.69261580633464
2024-01-04 22:15:00,3.9270833333333335,0.7561135627924419,0.253913,0.0,0.0074741467833518,0.9275833078238876,69.63594633020578
2024-01-04 22:30:00,3.9375,0.7561135627924419,0.253913,0.0,0.008567851036787,0.9297523112539554,67.61254958643649
2024-01-04 22:45:00,3.9479166666666665,0.7561135627924419,0.253913,0.0,0.0098142232745885,0.9318462546901796,65.65809387187691
2024-01-04 23:00:00,3.9583333333333335,0.7561135627924419,0.253913,0.0,0.011048118583858,0.9338338917998444,63.80271782073665
2024-01-04 23:15:00,3.96875,0.7561135627924419,0.253913,0.0,0.0121642854064702,0.9355656781405596,62.20906681280092
2024-01-04 23:30:00,3.9791666666666665,0.7561135627924419,0.253913,0.0,0.0131039274856448,0.937151618683766,60.7534661244046
2024-01-04 23:45:00,3.9895833333333335,0.7561135627924419,0.253913,0.0,0.0138864945620298,0.9385789084240914,59.44863326777208
2024-01-05 00:00:00,4.0,0.7561135627924419,0.23083,0.0,0.0140676414594054,0.9527870690084244,45.84029553877836
2024-01-05 00:15:00,4.010416666666667,0.7561135627924419,0.23083,0.0,0.0148839317262172,0.95244575090117,46.23446209945183
2024-01-05 00:30:00,4.020833333333333,0.7561135627924419,0.23083,0.0,0.01564153842628,0.9521030135332418,46.63069627092262
2024-01-05 00:45:00,4.03125,0.7561135627924419,0.23083,0.0,0.0164499133825302,0.9517582801067755,47.02953911197285
2024-01-05 01:00:00,4.041666666666667,0.7561135627924419,0.23083,0.0,0.0172573551535606,0.9514106512307844,47.43184347524585
2024-01-05 01:15:00,4.052083333333333,0.7561135627924419,0.23083,0.0,0.0179450027644634,0.9512951994926092,47.56400934002968
2024-01-05 01:30:00,4.0625,0.7561135627924419,0.23083,0.0,0.0185976680368185,0.9510971811691322,47.77596272526642
2024-01-05 01:45:00,4.072916666666667,0.7561135627924419,0.23083,0.0,0.019167635589838,0.9507705568856112,48.11213564453326
2024-01-05 02:00:00,4.083333333333333,0.7561135627924419,0.23083,0.0,0.019586281850934,0.9504301524740112,48.46163685105834
2024-01-05 02:15:00,4.09375,0.7561135627924419,0.23083,0.0,0.0198600962758064,0.9502779575251032,48.60854587069757
2024-01-05 02:30:00,4.104166666666667,0.7561135627924419,0.23083,0.0,0.0200017131865024,0.950098498590343,48.78175683185045
2024-01-05 02:45:00,4.114583333333333,0.7561135627924419,0.23083,0.0,0.0199129004031419,0.9498810916938936,48.99157263372114
2024-01-05 03:00:00,4.125,0.7561135627924419,0.23083,0.0,0.0196771621704101,0.9496120868490596,49.25115148178577
2024-01-05 03:15:00,4.135416666666667,0.7561135627924419,0.23083,0.0,0.0193607211112976,0.949258315935125,49.59247011638427
2024-01-05 03:30:00,4.145833333333333,0.7561135627924419,0.23083,0.0,0.0190343558788299,0.9488157271891948,50.01939058863625
2024-01-05 03:45:00,4.15625,0.7561135627924419,0.23083,0.0,0.0188182145357131,0.9482611793220737,50.55416582724541
2024-01-05 04:00:00,4.166666666666667,0.7561135627924419,0.23083,0.0,0.0186818614602088,0.947569383601932,51.22107552024024
2024-01-05 04:15:00,4.177083333333333,0.7561135627924419,0.23083,0.0,0.018469501286745,0.9466983797443028,52.0603994054985
2024-01-05 04:30:00,4.1875,0.7561135627924419,0.23083,0.0,0.018249774351716,0.9456385277895984,53.08117996299308
2024-01-05 04:45:00,4.197916666666667,0.7561135627924419,0.23083,0.0,0.0180402509868145,0.9443683873962356,54.30373976962756
2024-01-05 05:00:00,4.208333333333333,0.7561135627924419,0.23083,0.0,0.0178740974515676,0.942873162807403,55.74189262363157
2024-01-05 05:15:00,4.21875,0.7561135627924419,0.23083,0.0,0.0177303440868854,0.9411666284784856,57.38188717392985
2024-01-05 05:30:00,4.229166666666667,0.7561135627924419,0.23083,0.0,0.0177771989256143,0.93923936097815,59.232206634500585
2024-01-05 05:45:00,4.239583333333333,0.7561135627924419,0.23083,0.0,0.0178572796285152,0.9371152224361352,61.26931750108729
2024-01-05 06:00:00,4.25,0.7561135627924419,0.23083,0.0,0.0179289411753416,0.9348352609136992,63.45327049065713
2024-01-05 06:15:00,4.260416666666667,0.7561135627924419,0.23083,0.0,0.017919085919857,0.9324707862503476,65.71532958100292
2024-01-05 06:30:00,4.270833333333333,0.7561135627924419,0.23083,0.0,0.0178169719874858,0.9300840347903544,67.99575041957875
2024-01-05 06:45:00,4.28125,0.7561135627924419,0.23083,0.0,0.0176351722329854,0.9277613906796428,70.21206552578867
2024-01-05 07:00:00,4.291666666666667,0.7561135627924419,0.23083,0.0,0.0172286666929721,0.9255959234106091,72.27585545695666
2024-01-05 07:15:00,4.302083333333333,0.7561135627924419,0.23083,0.0,0.0167162735015153,0.9236664630286354,74.11264620098183
2024-01-05 07:30:00,4.3125,0.7561135627924419,0.23083,0.0,0.0161457508802413,0.9220707924394324,75.63019863034822
2024-01-05 07:45:00,4.322916666666667,0.7561135627924419,0.23083,0.0,0.0154564902186393,0.9208777301304087,76.7639757581046
2024-01-05 08:00:00,4.333333333333333,0.7561135627924419,0.23083,0.0,0.0147598050534725,0.9201334183543132,77.47092069575595
2024-01-05 08:15:00,4.34375,0.7561135627924419,0.23083,0.0,0.0141982864588499,0.919417465405844,78.15065410973025
2024-01-05 08:30:00,4.354166666666667,0.7561135627924419,0.23083,0.0,0.0137093281373381,0.9191613447370444,78.39375195112528
2024-01-05 08:45:00,4.364583333333333,0.7561135627924419,0.23083,0.0,0.0132982842624187,0.9193337725926812,78.23009525964865
2024-01-05 09:00:00,4.375,0.7561135627924419,0.23083,0.0,0.0129718240350484,0.9198777906627648,77.71364749312575
2024-01-05 09:15:00,4.385416666666667,0.7561135627924419,0.23083,0.0,0.0127199618145823,0.9211456609692288,76.50942425913915
2024-01-05 09:30:00,4.395833333333333,0.7561135627924419,0.23083,0.0,0.0125489700585603,0.9226012579557225,75.12585162541156
2024-01-05 09:45:00,4.40625,0.7561135627924419,0.23083,0.0,0.0123790437355637,0.924149353282756,73.65313221138699
2024-01-05 10:00:00,4.416666666666667,0.7561135627924419,0.23083,0.0,0.0122489593923091,0.9257000888057674,72.17663734957013
2024-01-05 10:15:00,4.427083333333333,0.7561135627924419,0.23083,0.0,0.0121326576918363,0.927260190520141,70.68995092659821
2024-01-05 10:30:00,4.4375,0.7561135627924419,0.23083,0.0,0.0120178526267409,0.9286779541851424,69.33779851277222
2024-01-05 10:45:00,4.447916666666667,0.7561135627924419,0.23083,0.0,0.0119174756109714,0.9299087293798924,68.16312881560734
2024-01-05 11:00:00,4.458333333333333,0.7561135627924419,0.23083,0.0,0.0118104834109544,0.930925646566876,67.19197162618646
2024-01-05 11:15:00,4.46875,0.7561135627924419,0.23083,0.0,0.011647761799395,0.9317727790298412,66.3825473988886
2024-01-05 11:30:00,4.479166666666667,0.7561135627924419,0.23083,0.0,0.0114336311817169,0.932396983980796,65.78588838888174
2024-01-05 11:45:00,4.489583333333333,0.7561135627924419,0.23083,0.0,0.011140152812004,0.9328114633903682,65.38958778773758
2024-01-05 12:00:00,4.5,0.7561135627924419,0.447802,0.0,0.0089906677603721,0.9330357059025858,65.17514316462567
2024-01-05 12:15:00,4.510416666666667,0.7561135627924419,0.447802,0.0,0.0075817815959453,0.933089064404473,65.12411221937778
2024-01-05 12:30:00,4.520833333333333,0.7561135627924419,0.447802,0.0,0.0063060279935598,0.9329967232554708,65.21242440995883
2024-01-05 12:45:00,4.53125,0.7561135627924419,0.447802,0.0,0.0049448488280177,0.9327784120046744,65.42119283910029
2024-01-05 13:00:00,4.541666666666667,0.7561135627924419,0.447802,0.0,0.0035504340194165,0.932449806243008,65.73538784742314
2024-01-05 13:15:00,4.552083333333333,0.7561135627924419,0.447802,0.0,0.0021121322643011,0.9323948087888322,65.78796794252173
2024-01-05 13:30:00,4.5625,0.7561135627924419,0.447802,0.0,0.0006664305692538,0.9322514115765425,65.9250548690782
2024-01-05 13:45:00,4.572916666666667,0.7560003025320968,0.447802,0.0004059247730765,0.0,0.9320281671857789,66.13739795186646
2024-01-05 14:00:00,4.583333333333333,0.7557066009022232,0.4701921,0.0010526266414672,0.0,0.9280702734150732,69.91472197641474
2024-01-05 14:15:00,4.59375,0.7552581678807135,0.4701921,0.0016071839490905,0.0,0.9270893853215236,70.84855136851328
2024-01-05 14:30:00,4.604166666666667,0.7546598091726082,0.4701921,0.0021445176098495,0.0,0.9259871814127164,71.89749336504362
2024-01-05 14:45:00,4.614583333333333,0.7539186590817215,0.4701921,0.0026562819257378,0.0,0.9247526476265708,73.071843370711
2024-01-05 15:00:00,4.625,0.7530473235294396,0.4701921,0.0031228666193783,0.0,0.9233752252290094,74.38143829592877
2024-01-05 15:15:00,4.635416666666667,0.7520655681093688,0.4701921,0.0035186114255338,0.0,0.9226265973456568,75.06739403571025
2024-01-05 15:30:00,4.645833333333333,0.7509845811654746,0.4701921,0.0038742572069168,0.0,0.9217499929888172,75.87478335755974
2024-01-05 15:45:00,4.65625,0.7498252487888359,0.4701921,0.004155047237873,0.0,0.9207493881846772,76.79972507257595
2024-01-05 16:00:00,4.666666666666667,0.7488770615838932,0.7073115,0.0033983029425144,0.0,0.919619501285898,77.84955785114107
2024-01-05 16:15:00,4.677083333333333,0.7480483253342365,0.7073115,0.00297019071877,0.0,0.918388772645694,78.95461825703403
2024-01-05 16:30:00,4.6875,0.7473116031832693,0.7073115,0.0026404121890664,0.0,0.9170834286724618,80.12937543158894
2024-01-05 16:45:00,4.697916666666667,0.7466542493867304,0.7073115,0.0023559560067951,0.0,0.9157321942915272,81.34658310216797
2024-01-05 17:00:00,4.708333333333333,0.746229737732457,0.7073115,0.0015214497689157,0.0,0.9000414430935983,96.07306922326842
2024-01-05 17:15:00,4.71875,0.7461104769590098,0.7073115,0.000427430612035,0.0,0.8984084624280595,97.55793341134438
2024-01-05 17:30:00,4.729166666666667,0.7462041073434713,0.7073115,-0.00033557129791,0.0,0.8968698790434538,98.9519307262002
2024-01-05 17:45:00,4.739583333333333,0.7464687065071303,0.7073115,-0.0009483234025537,0.0,0.8954795095672017,100.20546361776115
2024-01-05 18:00:00,4.75,0.7468514570231102,0.67363,-0.0013717778492718,0.0,0.8999351035689944,95.98437264008808
2024-01-05 18:15:00,4.760416666666667,0.7472550989896912,0.67363,-0.0014466528082266,0.0,0.8997179794862613,96.1318500804296
2024-01-05 18:30:00,4.770833333333333,0.7477107926698149,0.67363,-0.0016332061495631,0.0,0.8997981921287256,96.00104150023236
2024-01-05 18:45:00,4.78125,0.748224197978938,0.67363,-0.0018400446278974,0.0,0.9002121485836863,95.55762937834749
2024-01-05 19:00:00,4.791666666666667,0.7488162017227425,0.740993,-0.0021217414177954,0.0,0.892895501940827,102.347451525675
2024-01-05 19:15:00,4.802083333333333,0.7496453441917116,0.740993,-0.0029716466087847,0.0,0.8927557009761663,102.45765492810769
2024-01-05 19:30:00,4.8125,0.7506016333053854,0.740993,-0.003427340183407,0.0,0.8930488957209783,102.16267311228002
2024-01-05 19:45:00,4.822916666666667,0.7516199657439496,0.740993,-0.0036497034598141,0.0,0.8937776153276025,101.4604222527622
2024-01-05 20:00:00,4.833333333333333,0.7520658020281579,0.4925822,-0.0015978772426024,0.0,0.8949682691948562,100.32046005602535
2024-01-05 20:15:00,4.84375,0.7522705094877763,0.4925822,-0.0007336715352721,0.0,0.896464765134913,98.90312434697682
2024-01-05 20:30:00,4.854166666666667,0.7524451820704599,0.4925822,-0.000626026536338,0.0,0.8983191237959423,97.15166655915488
2024-01-05 20:45:00,4.864583333333333,0.7527026843007921,0.4925822,-0.0009228879935108,0.0,0.9004944861027898,95.09865578908024
2024-01-05 21:00:00,4.875,0.7530911247455541,0.4925822,-0.0013921705540269,0.0,0.9029438040683548,92.7865465250222
2024-01-05 21:15:00,4.885416666666667,0.7536296515976184,0.4925822,-0.0019300802377983,0.0,0.9053423377538734,90.55996529468854
2024-01-05 21:30:00,4.895833333333333,0.7543244629334497,0.4925822,-0.0024902038276195,0.0,0.907910558679472,88.17036862369417
2024-01-05 21:45:00,4.90625,0.7551975669332153,0.4925822,-0.0031292047351598,0.0,0.9105879386179058,85.67425136611469
2024-01-05 22:00:00,4.916666666666667,0.7560482789135676,0.253913,-0.0030489517375826,0.0,0.925807403967583,71.28598233307166
2024-01-05 22:15:00,4.927083333333333,0.7560482789135676,0.253913,0.0,0.0071100844070315,0.9280291511560648,69.20869608801598
2024-01-05 22:30:00,4.9375,0.7560482789135676,0.253913,0.0,0.0081379245966672,0.9301663658011944,67.21628059261467
2024-01-05 22:45:00,4.947916666666667,0.7560482789135676,0.253913,0.0,0.0093385493382811,0.9322299506417638,65.29153284679172
2024-01-05 23:00:00,4.958333333333333,0.7560482789135676,0.253913,0.0,0.0105882249772548,0.9341887756632836,63.4644783336343
2024-01-05 23:15:00,4.96875,0.7560482789135676,0.253913,0.0,0.0116572063416242,0.9359149009944004,61.875024708544814
2024-01-05 23:30:00,4.979166666666667,0.7560482789135676,0.253913,0.0,0.0126351555809378,0.937495890857718,60.42297462852449
2024-01-05 23:45:00,4.989583333333333,0.7560482789135676,0.253913,0.0,0.0134458467364311,0.9389190227184728,59.12096410151118
2024-01-06 00:00:00,5.0,0.7560482789135676,0.23083,0.0,0.0135045908391475,0.9562478933916412,42.49240030556903
2024-01-06 00:15:00,5.010416666666667,0.7560482789135676,0.23083,0.0,0.0148960780352354,0.9559178555577232,42.875463492735285
2024-01-06 00:30:00,5.020833333333333,0.7560482789135676,0.23083,0.0,0.0161102041602134,0.9555864909933462,43.26055587356277
2024-01-06 00:45:00,5.03125,0.7560482789135676,0.23083,0.0,0.0172013156116008,0.9552532660349689,43.64817578768308
2024-01-06 01:00:00,5.041666666666667,0.7560482789135676,0.23083,0.0,0.0181484278291463,0.9549173485922504,44.03911066973977
2024-01-06 01:15:00,5.052083333333333,0.7560482789135676,0.23083,0.0,0.018855694681406,0.9548017170905064,44.17234806601019
2024-01-06 01:30:00,5.0625,0.7560482789135676,0.23083,0.0,0.0194282848387956,0.954680690038126,44.31087598331349
2024-01-06 01:45:00,5.072916666666667,0.7560482789135676,0.23083,0.0,0.0198478549718856,0.9545426359079728,44.46594531169282
2024-01-06 02:00:00,5.083333333333333,0.7560482789135676,0.23083,0.0,0.0201381370425224,0.9542123958481804,44.80697942180911
2024-01-06 02:15:00,5.09375,0.7560482789135676,0.23083,0.0,0.0202537737786769,0.9540233213476832,44.98984802167979
2024-01-06 02:30:00,5.104166666666667,0.7560482789135676,0.23083,0.0,0.020246235653758,0.9538089666812728,45.197145150947065
2024-01-06 02:45:00,5.114583333333333,0.7560482789135676,0.23083,0.0,0.0200874656438827,0.9535593862543096,45.43847894562584
2024-01-06 03:00:00,5.125,0.7560482789135676,0.23083,0.0,0.0198003575205802,0.9532618518389756,45.72614102547487
2024-01-06 03:15:00,5.135416666666667,0.7560482789135676,0.23083,0.0,0.0194238387048244,0.9528694446245376,46.10545941559069
2024-01-06 03:30:00,5.145833333333333,0.7560482789135676,0.23083,0.0,0.0189545433968305,0.9523940517265564,46.564890956170345
2024-01-06 03:45:00,5.15625,0.7560482789135676,0.23083,0.0,0.0184225887060165,0.9518138584428856,47.12544892664656
2024-01-06 04:00:00,5.166666666666667,0.7560482789135676,0.23083,0.0,0.0180689617991447,0.951104944208876,47.81013971188548
2024-01-06 04:15:00,5.177083333333333,0.7560482789135676,0.23083,0.0,0.0178722701966762,0.9503547901819196,48.534383184178
2024-01-06 04:30:00,5.1875,0.7560482789135676,0.23083,0.0,0.0177158694714307,0.9494314398658302,49.42544788347672
2024-01-06 04:45:00,5.197916666666667,0.7560482789135676,0.23083,0.0,0.0175504088401794,0.948315779590092,50.50151930945389
2024-01-06 05:00:00,5.208333333333333,0.7560482789135676,0.23083,0.0,0.0173846781253814,0.946994967275178,51.77464278279733
2024-01-06 05:15:00,5.21875,0.7560482789135676,0.23083,0.0,0.0172254592180252,0.94549071228617,53.22350061917768
2024-01-06 05:30:00,5.229166666666667,0.7560482789135676,0.23083,0.0,0.0170787051320076,0.9437876858743078,54.8624124589143
2024-01-06 05:45:00,5.239583333333333,0.7560482789135676,0.23083,0.0,0.0170441605150699,0.9419088712309284,56.66876925130959
2024-01-06 06:00:00,5.25,0.7560482789135676,0.23083,0.0,0.017122434452176,0.939892896988014,58.60497810919589
2024-01-06 06:15:00,5.260416666666667,0.7560482789135676,0.23083,0.0,0.0172015354037284,0.9377729295866976,60.63880624415568
2024-01-06 06:30:00,5.270833333333333,0.7560482789135676,0.23083,0.0,0.0172874592244625,0.9356369482975988,62.68564888579892
2024-01-06 06:45:00,5.28125,0.7560482789135676,0.23083,0.0,0.0172680746763944,0.9335640213386964,64.66980821541583
2024-01-06 07:00:00,5.291666666666667,0.7560482789135676,0.23083,0.0,0.0171596482396125,0.9316389193089528,66.51047352118128
2024-01-06 07:15:00,5.302083333333333,0.7560482789135676,0.23083,0.0,0.0169606246054172,0.9298576838294406,68.21186315678517
2024-01-06 07:30:00,5.3125,0.7560482789135676,0.23083,0.0,0.016645910218358,0.928381001931279,69.62109549320341
2024-01-06 07:45:00,5.322916666666667,0.7560482789135676,0.23083,0.0,0.0162305533885955,0.9272717182758616,70.67896089559984
2024-01-06 08:00:00,5.333333333333333,0.7560482789135676,0.23083,0.0,0.0157936364412307,0.926572054288725,71.34586214953987
2024-01-06 08:15:00,5.34375,0.7560482789135676,0.23083,0.0,0.0153663828969001,0.926414702427761,71.495810447294
2024-01-06 08:30:00,5.354166666666667,0.7560482789135676,0.23083,0.0,0.014960441738367,0.9266739326009352,71.24877039049278
2024-01-06 08:45:00,5.364583333333333,0.7560482789135676,0.23083,0.0,0.014625834301114,0.9273128352344384,70.63976131537864
2024-01-06 09:00:00,5.375,0.7560482789135676,0.23083,0.0,0.0143847996369004,0.928272867997693,69.72424545996627
2024-01-06 09:15:00,5.385416666666667,0.7560482789135676,0.23083,0.0,0.0142593644559383,0.9294321858442554,68.61804276496127
2024-01-06 09:30:00,5.395833333333333,0.7560482789135676,0.23083,0.0,0.0141913723200559,0.930757195494268,67.35287988812281
2024-01-06 09:45:00,5.40625,0.7560482789135676,0.23083,0.0,0.0141490017995238,0.9321633543442144,66.00923178317205
2024-01-06 10:00:00,5.416666666666667,0.7560482789135676,0.23083,0.0,0.0141051076352596,0.9335709382773094,64.66319118548294
2024-01-06 10:15:00,5.427083333333333,0.7560482789135676,0.23083,0.0,0.0141400527209043,0.9348833052136152,63.4072771050382
2024-01-06 10:30:00,5.4375,0.7560482789135676,0.23083,0.0,0.0142480051144957,0.9360729227641356,62.2680602870968
2024-01-06 10:45:00,5.447916666666667,0.7560482789135676,0.23083,0.0,0.0143093131482601,0.9370994194777575,61.28446426281301
2024-01-06 11:00:00,5.458333333333333,0.7560482789135676,0.23083,0.0,0.0142972599714994,0.9379380835267846,60.48044622621897
2024-01-06 11:15:00,5.46875,0.7560482789135676,0.23083,0.0,0.0142084723338484,0.9386315913936574,59.81531334341409
2024-01-06 11:30:00,5.479166666666667,0.7560482789135676,0.23083,0.0,0.0140362866222858,0.9391274796485712,59.339562207296495
2024-01-06 11:45:00,5.489583333333333,0.7560482789135676,0.23083,0.0,0.0136704687029123,0.9394368398061116,59.04270034896406
2024-01-06 12:00:00,5.5,0.7560482789135676,0.447802,0.0,0.011036884970963,0.9395764838303804,58.90868184467893
2024-01-06 12:15:00,5.510416666666667,0.7560482789135676,0.447802,0.0,0.009069925174117,0.9396314702149576,58.85590781240529
2024-01-06 12:30:00,5.520833333333333,0.7560482789135676,0.447802,0.0,0.0073449639603495,0.9395558422455048,58.9284925223586
2024-01-06 12:45:00,5.53125,0.7560482789135676,0.447802,0.0,0.0056416406296193,0.9393673351321956,59.10940129920147
2024-01-06 13:00:00,5.541666666666667,0.7560482789135676,0.447802,0.0,0.0039021975826472,0.9390800502719564,59.38507105034806
2024-01-06 13:15:00,5.552083333333333,0.7560482789135676,0.447802,0.0,0.0021129553206264,0.9386923247240846,59.75705310177099
2024-01-06 13:30:00,5.5625,0.7560482789135676,0.447802,0.0,0.0003671499434858,0.9382202785068504,60.20982726758598
2024-01-06 13:45:00,5.572916666666667,0.7558700959249498,0.447802,0.0006386078312061,0.0,0.937674291611588,60.73174085429981
2024-01-06 14:00:00,5.583333333333333,0.7555089584461712,0.4701921,0.0012943167239427,0.0,0.9336945581555062,64.54157436912597
2024-01-06 14:15:00,5.59375,0.7549390885552124,0.4701921,0.0020424136891961,0.0,0.9329336856182496,65.26741023411444
2024-01-06 14:30:00,5.604166666666667,0.754177258243869,0.4701921,0.0027303998358547,0.0,0.9320648348777744,66.09630821107301
2024-01-06 14:45:00,5.614583333333333,0.7532336413147667,0.4701921,0.0033819230739027,0.0,0.9310792356295156,67.0364376972776
2024-01-06 15:00:00,5.625,0.7521372397349556,0.4701921,0.0039295032620429,0.0,0.929967365509375,68.09688465062287
2024-01-06 15:15:00,5.635416666666667,0.7509052236600188,0.4701921,0.0044155456125736,0.0,0.9290871095448004,68.90879437333726
2024-01-06 15:30:00,5.645833333333333,0.7495550423954488,0.4701921,0.0048390496522188,0.0,0.9280827657855998,69.8388002481363
2024-01-06 15:45:00,5.65625,0.7481201339037398,0.4701921,0.005142712034285,0.0,0.9269563751721404,70.88488857662608
2024-01-06 16:00:00,5.666666666666667,0.7468946598241928,0.7073115,0.0043920991010963,0.0,0.9257013196393212,72.05554694797814
2024-01-06 16:15:00,5.677083333333333,0.7457671925039254,0.7073115,0.0040408428758382,0.0,0.9250266040170516,72.62441626989047
2024-01-06 16:30:00,5.6875,0.7447006194919206,0.7073115,0.0038225976750254,0.0,0.9242991973062517,73.24314181271897
2024-01-06 16:45:00,5.697916666666667,0.7436803760100962,0.7073115,0.0036565526388585,0.0,0.9235458129774984,73.88644600295193
2024-01-06 17:00:00,5.708333333333333,0.7428817355247962,0.7073115,0.0028623274993151,0.0,0.9099663364867429,86.67582557026951
2024-01-06 17:15:00,5.71875,0.7423339191912939,0.7073115,0.0019633737392723,0.0,0.9084981677031846,87.9953249271105
2024-01-06 17:30:00,5.729166666666667,0.7419598689016311,0.7073115,0.0013405962381511,0.0,0.9071129458792916,89.23478997714855
2024-01-06 17:45:00,5.739583333333333,0.7417286225652658,0.7073115,0.0008287868695333,0.0,0.9058590449428672,90.34934862918335
2024-01-06 18:00:00,5.75,0.7416009254651337,0.67363,0.0004576664068736,0.0,0.909843744549508,86.53081666201845
2024-01-06 18:15:00,5.760416666666667,0.7414657558996883,0.67363,0.000484447722556,0.0,0.908842331567672,87.43194482132239
2024-01-06 18:30:00,5.770833333333333,0.7413692585443121,0.67363,0.0003458465216681,0.0,0.9080954150814248,88.09326374897061
2024-01-06 18:45:00,5.78125,0.7413327096064677,0.67363,0.0001309913932345,0.0,0.907486142160336,88.62491900867118
2024-01-06 19:00:00,5.791666666666667,0.7413914896075247,0.740993,-0.0002106675237882,0.0,0.8995821906838711,96.00591300943071
2024-01-06 19:15:00,5.802083333333333,0.7417062094001007,0.740993,-0.0011279557365924,0.0,0.8993200782947993,96.22907419159284
2024-01-06 19:30:00,5.8125,0.7421861145762705,0.740993,-0.0017199801513925,0.0,0.8994623342814213,96.07261008016518
2024-01-06 19:45:00,5.822916666666667,0.7427729224418077,0.740993,-0.0021031193900853,0.0,0.9000138499051495,95.53220600792297
2024-01-06 20:00:00,5.833333333333333,0.7428352669068902,0.4925822,-0.0002234425628557,0.0,0.9010031298327924,94.57566875041688
2024-01-06 20:15:00,5.84375,0.7427153819439809,0.4925822,0.0004296677070669,0.0,0.901655812381006,93.96427146047284
2024-01-06 20:30:00,5.854166666666667,0.7426181948749218,0.4925822,0.0003483184555079,0.0,0.9026699422448614,93.01533243259053
2024-01-06 20:45:00,5.864583333333333,0.7426507802389162,0.4925822,-0.0001167859445558,0.0,0.9040184600367588,91.75277288054562
2024-01-06 21:00:00,5.875,0.7428542063991505,0.4925822,-0.0007290793582797,0.0,0.9056631932544552,90.2111416585387
2024-01-06 21:15:00,5.885416666666667,0.7432278324095348,0.4925822,-0.0013390756212174,0.0,0.9079490577213212,88.08905660025475
2024-01-06 21:30:00,5.895833333333333,0.7437878064134631,0.4925822,-0.0020069468300789,0.0,0.9104014770581752,85.80707191448676
2024-01-06 21:45:00,5.90625,0.7445436951258476,0.4925822,-0.0027091051451861,0.0,0.9129631588599176,83.41854675312112
2024-01-06 22:00:00,5.916666666666667,0.7452780574628832,0.253913,-0.0026319546159356,0.0,0.9277333055936198,69.44124246165408
2024-01-06 22:15:00,5.927083333333333,0.7461682511279507,0.253913,-0.003190454095602,0.0,0.9299896320535463,67.34059316794475
2024-01-06 22:30:00,5.9375,0.7472334757490964,0.253913,-0.0038177650421857,0.0,0.9321989368331028,65.28205413910135
2024-01-06 22:45:00,5.947916666666667,0.7484917421798271,0.253913,-0.0045096268877387,0.0,0.9343258009814728,63.29966325736515
2024-01-06 23:00:00,5.958333333333333,0.7499192558299715,0.253913,-0.0051162089221179,0.0,0.9363430460393852,61.41940062372856
2024-01-06 23:15:00,5.96875,0.7514992383412716,0.253913,-0.0056626573204994,0.0,0.9378285467940752,60.06414941474182
2024-01-06 23:30:00,5.979166666666667,0.753217487953959,0.253913,-0.0061582066118717,0.0,0.9391835381268048,58.83283832847992
2024-01-06 23:45:00,5.989583333333333,0.7550559109205811,0.253913,-0.0065889079123735,0.0,0.9403947058090782,57.73856626215807
2024-01-07 00:00:00,6.0,0.7569285098396838,0.23083,-0.0067113945260643,0.0,0.9543885174812166,44.32707874740606
2024-01-07 00:15:00,6.010416666666667,0.7569285098396838,0.23083,0.0,0.0150964269414544,0.954138562832952,44.61702934452625
2024-01-07 00:30:00,6.020833333333333,0.7569285098396838,0.23083,0.0,0.0159844160079956,0.9537878633330222,45.020376818507216
2024-01-07 00:45:00,6.03125,0.7569285098396838,0.23083,0.0,0.01686292886734,0.9534351416660783,45.426361340902574
2024-01-07 01:00:00,6.041666666666667,0.7569285098396838,0.23083,0.0,0.0176655650138854,0.9530549494967724,45.8595630434515
2024-01-07 01:15:00,6.052083333333333,0.7569285098396838,0.23083,0.0,0.0182827413082122,0.952873707656439,46.0513234572267
2024-01-07 01:30:00,6.0625,0.7569285098396838,0.23083,0.0,0.0188323706388473,0.9526866707750794,46.248717170620566
2024-01-07 01:45:00,6.072916666666667,0.7569285098396838,0.23083,0.0,0.0192585512995719,0.9524909383878208,46.45454534202599
2024-01-07 02:00:00,6.083333333333333,0.7569285098396838,0.23083,0.0,0.0195538364350795,0.95228236385233,46.67281227976871
2024-01-07 02:15:00,6.09375,0.7569285098396838,0.23083,0.0,0.0196946840733289,0.9521945111762736,46.7576977761624
2024-01-07 02:30:00,6.104166666666667,0.7569285098396838,0.23083,0.0,0.0197472870349884,0.9520806909388198,46.86766797175041
2024-01-07 02:45:00,6.114583333333333,0.7569285098396838,0.23083,0.0,0.0196916610002517,0.951930776336844,47.012501589218914
2024-01-07 03:00:00,6.125,0.7569285098396838,0.23083,0.0,0.0194959118962287,0.951731857471642,47.20466098914331
2024-01-07 03:15:00,6.135416666666667,0.7569285098396838,0.23083,0.0,0.0192035175859928,0.9515210282115876,47.40830413697695
2024-01-07 03:30:00,6.145833333333333,0.7569285098396838,0.23083,0.0,0.0187941063195467,0.9512270496330154,47.69222479322624
2024-01-07 03:45:00,6.15625,0.7569285098396838,0.23083,0.0,0.0183780416846275,0.950828679859978,48.07689506424413
2024-01-07 04:00:00,6.166666666666667,0.7569285098396838,0.23083,0.0,0.0181640796363353,0.9503028910898434,48.584479087786434
2024-01-07 04:15:00,6.177083333333333,0.7569285098396838,0.23083,0.0,0.0179503466933965,0.9496049802344276,49.25800857968583
2024-01-07 04:30:00,6.1875,0.7569285098396838,0.23083,0.0,0.0176810882985591,0.9487335409902344,50.09865629575139
2024-01-07 04:45:00,6.197916666666667,0.7569285098396838,0.23083,0.0,0.0174214672297239,0.9476699250504972,51.12416601749583
2024-01-07 05:00:00,6.208333333333333,0.7569285098396838,0.23083,0.0,0.0172052904963493,0.9464019392131487,52.34596949950554
2024-01-07 05:15:00,6.21875,0.7569285098396838,0.23083,0.0,0.0170065127313137,0.945242462525205,53.462496870038336
2024-01-07 05:30:00,6.229166666666667,0.7569285098396838,0.23083,0.0,0.01682641915977,0.9439049869066596,54.74957515573188
2024-01-07 05:45:00,6.239583333333333,0.7569285098396838,0.23083,0.0,0.0167161971330642,0.9424164890481662,56.18090676882014
2024-01-07 06:00:00,6.25,0.7569285098396838,0.23083,0.0,0.0166937783360481,0.94081872266293,57.71604398718039
2024-01-07 06:15:00,6.260416666666667,0.7569285098396838,0.23083,0.0,0.0167246498167514,0.9387160174189214,59.73432466803656
2024-01-07 06:30:00,6.270833333333333,0.7569285098396838,0.23083,0.0,0.0167859513312578,0.9365964220919292,61.76650786243446
2024-01-07 06:45:00,6.28125,0.7569285098396838,0.23083,0.0,0.0168328136205673,0.934537749463994,63.73805511047394
2024-01-07 07:00:00,6.291666666666667,0.7569285098396838,0.23083,0.0,0.0167579278349876,0.932623500466098,65.56931784971637
2024-01-07 07:15:00,6.302083333333333,0.7569285098396838,0.23083,0.0,0.016624491661787,0.9308885331914662,67.22742442976542
2024-01-07 07:30:00,6.3125,0.7569285098396838,0.23083,0.0,0.0163347925990819,0.9294541488965032,68.5970791893363
2024-01-07 07:45:00,6.322916666666667,0.7569285098396838,0.23083,0.0,0.0159347169101238,0.9283818494502244,69.62028701282786
2024-01-07 08:00:00,6.333333333333333,0.7569285098396838,0.23083,0.0,0.0155092533677816,0.9277127921820808,70.25840908412773
2024-01-07 08:15:00,6.34375,0.7569285098396838,0.23083,0.0,0.0150964884087443,0.9276512610738904,70.3170834143362
2024-01-07 08:30:00,6.354166666666667,0.7569285098396838,0.23083,0.0,0.0147308725863695,0.9279986427746884,69.98580402602344
2024-01-07 08:45:00,6.364583333333333,0.7569285098396838,0.23083,0.0,0.0144335934892296,0.928717110034012,69.30043979448415
2024-01-07 09:00:00,6.375,0.7569285098396838,0.23083,0.0,0.0142385512590408,0.9297479018182714,68.316669916064
2024-01-07 09:15:00,6.385416666666667,0.7569285098396838,0.23083,0.0,0.014141596853733,0.9311220057761757,67.00438620998071
2024-01-07 09:30:00,6.395833333333333,0.7569285098396838,0.23083,0.0,0.0140946395695209,0.9326478970368708,65.54599089776119
2024-01-07 09:45:00,6.40625,0.7569285098396838,0.23083,0.0,0.0140532497316598,0.9342421259073188,64.02098710334059
2024-01-07 10:00:00,6.416666666666667,0.7569285098396838,0.23083,0.0,0.0141455056145787,0.9358270947093724,62.50353341487877
2024-01-07 10:15:00,6.427083333333333,0.7569285098396838,0.23083,0.0,0.0144362803548574,0.936675092602918,61.69112323093324
2024-01-07 10:30:00,6.4375,0.7569285098396838,0.23083,0.0,0.0145620582625269,0.9374219149899116,60.9753343717407
2024-01-07 10:45:00,6.447916666666667,0.7569285098396838,0.23083,0.0,0.0145697835832834,0.9380252079830204,60.39690012286525
2024-01-07 11:00:00,6.458333333333333,0.7569285098396838,0.23083,0.0,0.0144416810944676,0.9384570782479176,59.98270963917199
2024-01-07 11:15:00,6.46875,0.7569285098396838,0.23083,0.0,0.0141628738492727,0.9394009867235208,59.07710747820125
2024-01-07 11:30:00,6.479166666666667,0.7569285098396838,0.23083,0.0,0.0139105794951319,0.940145229650992,58.36274395845473
2024-01-07 11:45:00,6.489583333333333,0.7569285098396838,0.23083,0.0,0.0135236326605081,0.9407032659819848,57.82692413219607
2024-01-07 12:00:00,6.5,0.7569285098396838,0.447802,0.0,0.0107917161658406,0.941093931202816,57.45171664975419
2024-01-07 12:15:00,6.510416666666667,0.7569285098396838,0.447802,0.0,0.0087885539978742,0.9414007956988324,57.15693902118414
2024-01-07 12:30:00,6.520833333333333,0.7569285098396838,0.447802,0.0,0.0071054240688681,0.941581399538342,56.98342621759013
2024-01-07 12:45:00,6.53125,0.7569285098396838,0.447802,0.0,0.0054432223550975,0.941654510408732,56.91318112515146
2024-01-07 13:00:00,6.541666666666667,0.7569285098396838,0.447802,0.0,0.0037565564271062,0.94163511309883,56.93181837297168
2024-01-07 13:15:00,6.552083333333333,0.7569285098396838,0.447802,0.0,0.0020445454865694,0.9411946979700104,57.35492425471638
2024-01-07 13:30:00,6.5625,0.7569285098396838,0.447802,0.0,0.0002557570114731,0.9406725459586228,57.85642530250444
2024-01-07 13:45:00,6.572916666666667,0.7567285452812484,0.447802,0.0007166729774326,0.0,0.9400798629892084,58.42366893966009
2024-01-07 14:00:00,6.583333333333333,0.7563451000087623,0.4701921,0.0013742678565904,0.0,0.9361877505722004,62.15451998736431
2024-01-07 14:15:00,6.59375,0.7557581473386757,0.4701921,0.00210363836959,0.0,0.9353032729397556,62.99975924814962
2024-01-07 14:30:00,6.604166666666667,0.7549797679267028,0.4701921,0.002789711812511,0.0,0.9343109299099868,63.947929016003854
2024-01-07 14:45:00,6.614583333333333,0.7540164345167081,0.4701921,0.003452586941421,0.0,0.9332014083849955,65.00771654731238
2024-01-07 15:00:00,6.625,0.752880048041756,0.4701921,0.004072809126228,0.0,0.931965345404052,66.18791661411757
2024-01-07 15:15:00,6.635416666666667,0.7515810908180681,0.4701921,0.0046554626896977,0.0,0.9310940806311035,66.99231196138393
2024-01-07 15:30:00,6.645833333333333,0.7501513634578194,0.4701921,0.005124142859131,0.0,0.9301007419008004,67.91315604914045
2024-01-07 15:45:00,6.65625,0.7486335334757379,0.4701921,0.0054399026557803,0.0,0.9289874590733518,68.94830534412414
2024-01-07 16:00:00,6.666666666666667,0.7473452863317301,0.7073115,0.0046170777641236,0.0,0.927746519669316,70.10742386021812
2024-01-07 16:15:00,6.677083333333333,0.7461624258468679,0.7073115,0.0042393719777464,0.0,0.9268060016374832,70.93654342890147
2024-01-07 16:30:00,6.6875,0.7450352273472488,0.7073115,0.0040398794226348,0.0,0.9258031780637768,71.82426098749633
2024-01-07 16:45:00,6.697916666666667,0.743944125263137,0.7073115,0.0039105098694562,0.0,0.9247628797041642,72.74709920371004
2024-01-07 17:00:00,6.708333333333333,0.7430865894739652,0.7073115,0.003073408268392,0.0,0.9110589337053584,85.6694089504706
2024-01-07 17:15:00,6.71875,0.7424776272919514,0.7073115,0.0021825204603374,0.0,0.909655313778532,86.92260158106009
2024-01-07 17:30:00,6.729166666666667,0.7420179978384697,0.7073115,0.0016473119612783,0.0,0.9083323411853136,88.0978201321004
2024-01-07 17:45:00,6.739583333333333,0.7416862032898085,0.7073115,0.0011891516624018,0.0,0.907135500359269,89.15316182122749
2024-01-07 18:00:00,6.75,0.7414528100749587,0.67363,0.0008364812820218,0.0,0.9110954492190898,85.34909572159671
2024-01-07 18:15:00,6.760416666666667,0.7412101520811964,0.67363,0.0008696862496435,0.0,0.9101675343823168,86.17694593178257
2024-01-07 18:30:00,6.770833333333333,0.7410042639837684,0.67363,0.0007379029411822,0.0,0.909489730385484,86.76904047649617
2024-01-07 18:45:00,6.78125,0.7408536894376668,0.67363,0.0005396591732278,0.0,0.9091021710134288,87.08766376032192
2024-01-07 19:00:00,6.791666666666667,0.7407817283166683,0.740993,0.0002579086576588,0.0,0.9018288341488908,93.87903452181584
2024-01-07 19:15:00,6.802083333333333,0.7409423316659546,0.740993,-0.0005756024038419,0.0,0.9019284363211276,93.76193986068174
2024-01-07 19:30:00,6.8125,0.7412433360185722,0.740993,-0.0010787995997816,0.0,0.9024213114857246,93.27507201319987
2024-01-07 19:45:00,6.822916666666667,0.7416279286186247,0.740993,-0.001378379878588,0.0,0.9033074846225988,92.41848470494004
2024-01-07 20:00:00,6.833333333333333,0.7415024776131044,0.4925822,0.0004496164037846,0.0,0.9046087391080088,91.16646095648233
2024-01-07 20:15:00,6.84375,0.7412128669553633,0.4925822,0.0010379645973443,0.0,0.9059703358626634,89.88564625371657
2024-01-07 20:30:00,6.854166666666667,0.7409441624625482,0.4925822,0.0009630369022488,0.0,0.907654974197576,88.3015127260928
2024-01-07 20:45:00,6.864583333333333,0.7407907014726008,0.4925822,0.0005500041879713,0.0,0.9096291065557116,86.44397340466158
2024-01-07 21:00:00,6.875,0.7408011411075351,0.4925822,-3.74156516045332e-05,0.0,0.911849261960156,84.35271016596782
2024-01-07 21:15:00,6.885416666666667,0.741012287156244,0.4925822,-0.0007567474385723,0.0,0.9139956136397884,82.35399826396116
2024-01-07 21:30:00,6.895833333333333,0.7414412079109037,0.4925822,-0.0015372519847005,0.0,0.9162965782537228,80.20654974864627
2024-01-07 21:45:00,6.90625,0.7420888081563329,0.4925822,-0.0023209992796182,0.0,0.9186994136622344,77.95959237313099
2024-01-07 22:00:00,6.916666666666667,0.7427359185739013,0.253913,-0.0023192437365651,0.0,0.9324868413798932,64.87646174458446
2024-01-07 22:15:00,6.927083333333333,0.7436058940418206,0.253913,-0.0031179920770227,0.0,0.9344019218572724,63.09752525393401
2024-01-07 22:30:00,6.9375,0.744667761653058,0.253913,-0.0038057335186749,0.0,0.9362877982797332,61.34417284730114
2024-01-07 22:45:00,6.947916666666667,0.74590250920044,0.253913,-0.0044253352098166,0.0,0.9381099692584134,59.649649896222016
2024-01-07 23:00:00,6.958333333333333,0.7472900909659919,0.253913,-0.004973093047738,0.0,0.9398399307052134,58.041490071000034
2024-01-07 23:15:00,6.96875,0.7488090336498772,0.253913,-0.0054438905790448,0.0,0.941293112464683,56.70891160569453
2024-01-07 23:30:00,6.979166666666667,0.7504445344462576,0.253913,-0.0058616348542273,0.0,0.9426208288196496,55.495664000817655
2024-01-07 23:45:00,6.989583333333333,0.752194609357405,0.253913,-0.0062722684815526,0.0,0.9438098782265788,54.41487535008928
